\BOOKMARK [2][-]{section*.1}{\376\377\000I\000O\000H\000A\000N\000\040\000N\000E\000S\000\040\000B\000V\000G\000E\000N\000\040\000H\000A\000G\000I\000V\000S\000\040\000P\000O\000\040\000m\000e\000r\000a\000n\000u\000s\000,\000\040\000L\000e\000c\000t\000o\000r\000i}{}% 1
\BOOKMARK [2][-]{section*.2}{\376\377\000S\000T\000A\000T\000V\000S\000\040\000E\000P\000I}{}% 2
\BOOKMARK [2][-]{section*.3}{\376\377\000S\000T\000O\000L\000A\000E\000.\000\040}{}% 3
\BOOKMARK [2][-]{section*.4}{\376\377\000S\000V\000M\000M\000A\000\040\000T\000O\000T\000I\000V\000S\000\040\000E\000P\000I}{}% 4
\BOOKMARK [2][-]{section*.5}{\376\377\000s\000t\000o\000l\000a\000e\000\040\000p\000e\000r\000\040\000s\000i\000n\000g\000u\000l\000a\000\040\000c\000a\000p\000i\000t\000a\000.\000\040}{}% 5
\BOOKMARK [2][-]{section*.6}{\376\377\000S\000V\000M\000M\000A\000\040\000T\000R\000I\000V\000M\000\040\000S\000E\000Q\000V\000E\000N\000t\000i\000u\000m\000.\000\040\000I\000X\000.\000\040\000X\000.\000\040\000X\000I\000.\000\040}{}% 6
\BOOKMARK [2][-]{section*.7}{\376\377\000S\000V\000M\000M\000A\000\040\000R\000E\000L\000I\000Q\000V\000O\000R\000V\000M\000\040}{}% 7
\BOOKMARK [2][-]{section*.8}{\376\377\000c\000a\000p\000i\000t\000u\000m\000.\000\040}{}% 8
\BOOKMARK [1][-]{section.1}{\376\377\000C\000A\000P\000\040\000.\000I\000.}{}% 9
\BOOKMARK [2][-]{section*.9}{\376\377\000H\000P\000a\000u\000l\000u\000s\000.\000\040\000r\000u\000m\000\040}{section.1}% 10
\BOOKMARK [2][-]{section*.10}{\376\377\000S\000e\000r\000u\000u\000s\000,\000\040}{section.1}% 11
\BOOKMARK [2][-]{section*.11}{\376\377\000S\000e\000g\000r\000e\000g\000a\000t\000u\000s\000.\000\040}{section.1}% 12
\BOOKMARK [2][-]{section*.12}{\376\377\000\050\000\040\000Q\000u\000o\000d\000\040\000a\000n\000t\000e\000\040\000p\000r\000o\000m\000i\000l\000e\000r\000a\000t\000.\000\051\000\040}{section.1}% 13
\BOOKMARK [2][-]{section*.13}{\376\377\000P\000e\000r\000\040\000P\000r\000o\000p\000h\000e\000t\000a\000s\000.\000\040}{section.1}% 14
\BOOKMARK [2][-]{section*.14}{\376\377\000D\000e\000\040\000f\000i\000l\000i\000o\000\040\000s\000u\000o\000.\000\040}{section.1}% 15
\BOOKMARK [2][-]{section*.15}{\376\377\000Q\000u\000i\000\040\000g\000e\000n\000i\000t\000u\000s\000.\000\040}{section.1}% 16
\BOOKMARK [2][-]{section*.16}{\376\377\000E\000x\000\040\000s\000e\000m\000i\000n\000e\000.\000\040}{section.1}% 17
\BOOKMARK [2][-]{section*.17}{\376\377\000S\000e\000c\000u\000n\000d\000u\000m\000\040\000c\000a\000r\000n\000e\000m\000.\000\040}{section.1}% 18
\BOOKMARK [2][-]{section*.18}{\376\377\000Q\000u\000i\000\040\000d\000e\000c\000l\000a\000r\000a\000t\000u\000s\000.\000\040}{section.1}% 19
\BOOKMARK [2][-]{section*.19}{\376\377\000S\000e\000c\000u\000n\000d\000u\000m\000\040\000s\000p\000i\000r\000i\000t\000u\000m\000.\000\040}{section.1}% 20
\BOOKMARK [2][-]{section*.20}{\376\377\000R\000e\000s\000u\000r\000r\000e\000x\000i\000t\000\040\000e\000m\000o\000r\000t\000u\000i\000s\000.\000\040}{section.1}% 21
\BOOKMARK [2][-]{section*.21}{\376\377\000P\000e\000r\000\040\000q\000u\000e\000m\000\040\000a\000c\000c\000e\000p\000i\000m\000u\000s\000.\000\040}{section.1}% 22
\BOOKMARK [2][-]{section*.22}{\376\377\000G\000r\000a\000t\000i\000a\000m\000.\000\040}{section.1}% 23
\BOOKMARK [2][-]{section*.23}{\376\377\000V\000t\000\040\000o\000b\000e\000d\000i\000a\000t\000u\000r\000.\000\040}{section.1}% 24
\BOOKMARK [2][-]{section*.24}{\376\377\000S\000u\000p\000e\000r\000\040\000i\000p\000s\000i\000u\000s\000\040\000n\000o\000m\000i\000n\000e\000.\000\040}{section.1}% 25
\BOOKMARK [2][-]{section*.25}{\376\377\000Q\000u\000o\000r\000u\000m\000\040\000d\000e\000\040\000n\000u\000m\000e\000r\000o\000.\000\040}{section.1}% 26
\BOOKMARK [2][-]{section*.26}{\376\377\000I\000d\000\040\000e\000s\000t\000,\000\040\000e\000o\000r\000u\000m\000,\000\040\000q\000u\000i\000\040\000s\000a\000n\000c\000t\000i\000f\000i\000c\000a\000n\000d\000i\000\040\000s\000u\000n\000t\000\040\000p\000e\000r\000\040\000f\000i\000d\000e\000m\000.\000\040}{section.1}% 27
\BOOKMARK [2][-]{section*.27}{\376\377\000V\000o\000c\000a\000t\000i\000.\000\040}{section.1}% 28
\BOOKMARK [2][-]{section*.28}{\376\377\000S\000V\000P\000E\000R\000S\000C\000R\000I\000P\000T\000I\000O\000.\000\040\000.\000\040}{section.1}% 29
\BOOKMARK [2][-]{section*.29}{\376\377\000O\000m\000n\000i\000b\000u\000s\000\040}{section.1}% 30
\BOOKMARK [2][-]{section*.30}{\376\377\000V\000o\000c\000a\000t\000i\000s\000\040\000s\000a\000n\000c\000t\000i\000s\000.\000\040}{section.1}% 31
\BOOKMARK [2][-]{section*.31}{\376\377\000G\000r\000a\000t\000i\000a\000\040\000u\000o\000b\000i\000s\000\040\000e\000t\000\040\000p\000a\000x\000.\000\040}{section.1}% 32
\BOOKMARK [2][-]{section*.32}{\376\377\000E\000t\000\040\000d\000o\000m\000i\000n\000o\000.\000\040}{section.1}% 33
\BOOKMARK [2][-]{section*.33}{\376\377\000P\000r\000i\000m\000u\000m\000.\000\040}{section.1}% 34
\BOOKMARK [2][-]{section*.34}{\376\377\000P\000e\000r\000\040\000l\000e\000s\000u\000m\000.\000\040}{section.1}% 35
\BOOKMARK [2][-]{section*.35}{\376\377\000I\000n\000\040\000t\000o\000t\000o\000\040\000m\000u\000n\000d\000o\000.\000\040}{section.1}% 36
\BOOKMARK [2][-]{section*.36}{\376\377\000T\000e\000s\000t\000i\000s\000.\000\040}{section.1}% 37
\BOOKMARK [2][-]{section*.37}{\376\377\000S\000p\000i\000r\000i\000t\000u\000\040\000m\000e\000o\000.\000\040}{section.1}% 38
\BOOKMARK [2][-]{section*.38}{\376\377\000I\000n\000\040\000E\000u\000a\000n\000g\000e\000l\000i\000o\000.\000\040}{section.1}% 39
\BOOKMARK [2][-]{section*.39}{\376\377\000M\000e\000n\000t\000i\000o\000n\000e\000m\000\040\000f\000a\000c\000i\000a\000m\000.\000\040}{section.1}% 40
\BOOKMARK [2][-]{section*.40}{\376\377\000A\000d\000\040\000u\000o\000s\000.\000\040}{section.1}% 41
\BOOKMARK [2][-]{section*.41}{\376\377\000V\000t\000\040\000i\000m\000p\000e\000r\000t\000i\000a\000r\000.\000\040}{section.1}% 42
\BOOKMARK [2][-]{section*.42}{\376\377\000C\000o\000m\000m\000u\000n\000e\000m\000\040\000c\000a\000p\000i\000a\000m\000\040\000c\000o\000n\000s\000o\000l\000a\000t\000i\000o\000n\000e\000m\000.\000\040}{section.1}% 43
\BOOKMARK [2][-]{section*.43}{\376\377\000P\000r\000o\000p\000o\000s\000u\000e\000r\000a\000m\000.\000\040}{section.1}% 44
\BOOKMARK [2][-]{section*.44}{\376\377\000F\000r\000u\000c\000t\000u\000m\000.\000\040}{section.1}% 45
\BOOKMARK [2][-]{section*.45}{\376\377\000D\000e\000b\000i\000t\000o\000r\000\040\000s\000u\000m\000.\000\040}{section.1}% 46
\BOOKMARK [2][-]{section*.46}{\376\377\000Q\000u\000a\000n\000t\000u\000m\000\040\000i\000n\000\040\000m\000e\000\040\000e\000s\000t\000.\000\040}{section.1}% 47
\BOOKMARK [2][-]{section*.47}{\376\377\000N\000o\000n\000\040\000m\000e\000\040\000p\000u\000d\000e\000t\000.\000\040}{section.1}% 48
\BOOKMARK [2][-]{section*.48}{\376\377\000P\000o\000t\000e\000n\000t\000i\000a\000\040\000D\000e\000i\000\040\000e\000s\000t\000.\000\040}{section.1}% 49
\BOOKMARK [2][-]{section*.49}{\376\377\000O\000m\000n\000i\000\040\000c\000r\000e\000d\000e\000n\000t\000i\000\040\000.\000\040}{section.1}% 50
\BOOKMARK [2][-]{section*.50}{}{section.1}% 51
\BOOKMARK [2][-]{section*.51}{\376\377\000l\000u\000s\000t\000i\000t\000i\000a\000\040\000e\000n\000i\000m\000\040\000D\000e\000i\000.\000\040}{section.1}% 52
\BOOKMARK [2][-]{section*.52}{\376\377\000P\000a\000t\000e\000f\000i\000t\000\040}{section.1}% 53
\BOOKMARK [2][-]{section*.53}{\376\377\000I\000u\000s\000t\000u\000s\000\040\000e\000x\000f\000i\000d\000e\000\040\000u\000i\000u\000e\000t\000.\000\040}{section.1}% 54
\BOOKMARK [2][-]{section*.54}{\376\377\000P\000a\000l\000a\000m\000.\000\040}{section.1}% 55
\BOOKMARK [2][-]{section*.55}{\376\377\000D\000e\000\040\000c\000o\000e\000l\000o\000.\000\040}{section.1}% 56
\BOOKMARK [2][-]{section*.56}{\376\377\000Q\000u\000i\000\040\000u\000e\000r\000i\000t\000a\000t\000e\000m\000.\000\040}{section.1}% 57
\BOOKMARK [2][-]{section*.57}{\376\377\000Q\000u\000o\000d\000\040\000d\000e\000\040\000D\000e\000o\000.\000\040}{section.1}% 58
\BOOKMARK [2][-]{section*.58}{\376\377\000S\000i\000q\000u\000i\000d\000e\000m\000\040\000i\000n\000u\000i\000s\000i\000b\000i\000l\000i\000a\000.\000\040}{section.1}% 59
\BOOKMARK [2][-]{section*.59}{\376\377\000P\000a\000t\000e\000f\000e\000c\000i\000t\000.\000\040}{section.1}% 60
\BOOKMARK [2][-]{section*.60}{\376\377\000A\000\040\000c\000r\000e\000a\000t\000i\000o\000n\000e\000\040\000m\000u\000n\000d\000i\000.\000\040}{section.1}% 61
\BOOKMARK [2][-]{section*.61}{\376\377\000V\000t\000\040\000s\000i\000n\000t\000\040\000i\000n\000e\000x\000c\000u\000s\000a\000b\000i\000l\000e\000s\000\040}{section.1}% 62
\BOOKMARK [2][-]{section*.62}{\376\377\000N\000o\000n\000\040\000u\000t\000\040\000D\000e\000u\000m\000.\000\040}{section.1}% 63
\BOOKMARK [2][-]{section*.63}{\376\377\000F\000r\000u\000s\000t\000r\000a\000t\000i\000\040\000s\000u\000n\000t\000.\000\040}{section.1}% 64
\BOOKMARK [2][-]{section*.64}{\376\377\000M\000u\000t\000a\000r\000u\000n\000t\000\040\000g\000l\000o\000r\000i\000a\000m\000.\000\040}{section.1}% 65
\BOOKMARK [2][-]{section*.65}{\376\377\000Q\000u\000a\000p\000r\000o\000p\000t\000e\000r\000.\000\040}{section.1}% 66
\BOOKMARK [2][-]{section*.66}{\376\377\000C\000o\000r\000d\000i\000u\000m\000s\000u\000o\000r\000u\000m\000.\000\040}{section.1}% 67
\BOOKMARK [2][-]{section*.67}{\376\377\000I\000n\000\040\000i\000m\000m\000u\000n\000d\000i\000t\000i\000a\000m\000.\000\040}{section.1}% 68
\BOOKMARK [2][-]{section*.68}{\376\377\000V\000e\000r\000i\000t\000a\000t\000e\000m\000.\000\040}{section.1}% 69
\BOOKMARK [2][-]{section*.69}{\376\377\000O\000m\000n\000i\000\040\000u\000e\000r\000l\000u\000t\000i\000a\000,\000\040}{section.1}% 70
\BOOKMARK [2][-]{section*.70}{\376\377\000Q\000u\000i\000\040\000c\000u\000m\000\040\000D\000e\000i\000\040\000i\000u\000s\000t\000i\000t\000i\000a\000m\000.\000\040}{section.1}% 71
\BOOKMARK [2][-]{section*.71}{\376\377\000A\000s\000s\000e\000n\000t\000i\000u\000n\000t\000u\000r\000.\000\040}{section.1}% 72
\BOOKMARK [2][-]{section*.72}{\376\377\000F\000i\000n\000i\000s\000\040\000p\000r\000i\000m\000i\000\040\000c\000a\000p\000i\000t\000i\000s\000.\000\040}{section.1}% 73
\BOOKMARK [2][-]{section*.73}{\376\377\000Q\000u\000a\000p\000r\000o\000p\000t\000e\000r\000.\000\040}{section.1}% 74
\BOOKMARK [2][-]{section*.74}{\376\377\000E\000a\000d\000e\000m\000\040\000e\000n\000i\000m\000\040\000t\000u\000\040\000f\000a\000c\000i\000s\000.\000\040}{section.1}% 75
\BOOKMARK [2][-]{section*.75}{\376\377\000S\000c\000i\000m\000u\000s\000\040\000a\000u\000t\000e\000m\000.\000\040}{section.1}% 76
\BOOKMARK [2][-]{section*.76}{\376\377\000S\000e\000c\000u\000n\000d\000u\000m\000\040\000u\000e\000r\000i\000t\000a\000t\000e\000m\000.\000\040}{section.1}% 77
\BOOKMARK [2][-]{section*.77}{\376\377\000S\000u\000f\000f\000u\000g\000i\000e\000s\000.\000\040}{section.1}% 78
\BOOKMARK [2][-]{section*.78}{\376\377\000D\000i\000u\000i\000t\000i\000a\000s\000.\000\040}{section.1}% 79
\BOOKMARK [2][-]{section*.79}{\376\377\000I\000g\000n\000o\000r\000a\000n\000s\000.\000\040}{section.1}% 80
\BOOKMARK [2][-]{section*.80}{\376\377\000P\000o\000e\000n\000i\000t\000e\000n\000t\000i\000a\000m\000.\000\040}{section.1}% 81
\BOOKMARK [2][-]{section*.81}{\376\377\000C\000o\000l\000l\000i\000g\000i\000s\000\040\000t\000i\000b\000i\000i\000p\000s\000i\000\040\000i\000r\000a\000m\000.\000\040}{section.1}% 82
\BOOKMARK [2][-]{section*.82}{\376\377\000P\000a\000t\000e\000f\000i\000e\000t\000.\000\040}{section.1}% 83
\BOOKMARK [2][-]{section*.83}{\376\377\000Q\000u\000i\000\040\000r\000e\000d\000d\000i\000t\000u\000r\000u\000s\000.\000\040}{section.1}% 84
\BOOKMARK [2][-]{section*.84}{\376\377\000H\000i\000s\000\040\000q\000u\000i\000d\000e\000m\000.\000\040}{section.1}% 85
\BOOKMARK [2][-]{section*.85}{\376\377\000Q\000u\000i\000\040\000p\000e\000r\000s\000e\000u\000e\000r\000a\000n\000t\000e\000s\000.\000\040}{section.1}% 86
\BOOKMARK [2][-]{section*.86}{\376\377\000Q\000u\000a\000e\000r\000u\000n\000t\000.\000\040}{section.1}% 87
\BOOKMARK [2][-]{section*.87}{\376\377\000C\000o\000n\000t\000e\000n\000t\000i\000o\000s\000i\000.\000\040}{section.1}% 88
\BOOKMARK [2][-]{section*.88}{\376\377\000Q\000u\000i\000\040\000u\000e\000r\000i\000t\000a\000t\000i\000.\000\040}{section.1}% 89
\BOOKMARK [2][-]{section*.89}{\376\377\000I\000n\000i\000u\000s\000t\000i\000t\000i\000a\000e\000.\000\040}{section.1}% 90
\BOOKMARK [2][-]{section*.90}{\376\377\000I\000n\000d\000i\000g\000n\000a\000t\000i\000o\000.\000\040}{section.1}% 91
\BOOKMARK [2][-]{section*.91}{\376\377\000I\000u\000d\000a\000e\000i\000.\000\040}{section.1}% 92
\BOOKMARK [2][-]{section*.92}{\376\377\000O\000p\000e\000r\000a\000n\000t\000i\000.\000\040}{section.1}% 93
\BOOKMARK [2][-]{section*.93}{\376\377\000N\000o\000n\000\040\000e\000s\000t\000\040\000p\000e\000r\000s\000o\000n\000a\000r\000u\000m\000.\000\040}{section.1}% 94
\BOOKMARK [2][-]{section*.94}{\376\377\000Q\000u\000i\000c\000u\000n\000q\000u\000e\000\040\000.\000\040}{section.1}% 95
\BOOKMARK [2][-]{section*.95}{\376\377\000P\000e\000r\000i\000b\000u\000n\000t\000.\000\040}{section.1}% 96
\BOOKMARK [2][-]{section*.96}{\376\377\000I\000n\000\040\000l\000e\000g\000e\000.\000\040}{section.1}% 97
\BOOKMARK [2][-]{section*.97}{\376\377\000Q\000u\000i\000\040\000a\000u\000d\000i\000u\000n\000t\000.\000\040}{section.1}% 98
\BOOKMARK [2][-]{section*.98}{\376\377\000L\000e\000g\000e\000m\000.\000\040}{section.1}% 99
\BOOKMARK [2][-]{section*.99}{\376\377\000N\000a\000m\000\040\000c\000u\000m\000\040\000G\000e\000n\000t\000e\000s\000.\000\040}{section.1}% 100
\BOOKMARK [2][-]{section*.100}{\376\377\000Q\000u\000a\000e\000\040\000l\000e\000g\000e\000m\000.\000\040}{section.1}% 101
\BOOKMARK [2][-]{section*.101}{\376\377\000N\000a\000t\000u\000r\000a\000.\000\040}{section.1}% 102
\BOOKMARK [2][-]{section*.102}{\376\377\000D\000i\000b\000i\000\040\000s\000u\000n\000t\000\040\000l\000e\000x\000,\000\040}{section.1}% 103
\BOOKMARK [2][-]{section*.103}{}{section.1}% 104
\BOOKMARK [2][-]{section*.104}{}{section.1}% 105
\BOOKMARK [2][-]{section*.105}{}{section.1}% 106
\BOOKMARK [2][-]{section*.106}{\376\377\000L\000a\000u\000d\000a\000s\000\040\000e\000x\000i\000m\000i\000a\000.\000\040}{section.1}% 107
\BOOKMARK [2][-]{section*.107}{\376\377\000L\000u\000m\000e\000n\000\040\000i\000n\000\040\000t\000e\000n\000e\000b\000r\000i\000s\000.\000\040}{section.1}% 108
\BOOKMARK [2][-]{section*.108}{\376\377\000H\000a\000b\000e\000n\000t\000e\000m\000.\000\040}{section.1}% 109
\BOOKMARK [2][-]{section*.109}{\376\377\000F\000u\000r\000a\000r\000i\000s\000.\000\040}{section.1}% 110
\BOOKMARK [2][-]{section*.110}{\376\377\000C\000o\000m\000m\000i\000t\000t\000i\000s\000.\000\040}{section.1}% 111
\BOOKMARK [2][-]{section*.111}{\376\377\000S\000a\000c\000r\000i\000l\000e\000g\000i\000u\000m\000\040\000a\000d\000m\000i\000t\000t\000i\000s\000.\000\040}{section.1}% 112
\BOOKMARK [2][-]{section*.112}{\376\377\000D\000e\000h\000o\000n\000e\000s\000t\000a\000s\000.\000\040}{section.1}% 113
\BOOKMARK [2][-]{section*.113}{\376\377\000N\000a\000m\000n\000o\000m\000e\000n\000\040\000D\000e\000i\000.\000\040}{section.1}% 114
\BOOKMARK [2][-]{section*.114}{\376\377\000N\000a\000m\000\040\000c\000i\000r\000c\000u\000n\000c\000i\000s\000i\000o\000.\000\040}{section.1}% 115
\BOOKMARK [2][-]{section*.115}{\376\377\000T\000r\000a\000n\000s\000g\000r\000e\000s\000s\000o\000r\000.\000\040}{section.1}% 116
\BOOKMARK [2][-]{section*.116}{\376\377\000I\000n\000\040\000p\000r\000a\000e\000p\000u\000t\000i\000u\000m\000.\000\040}{section.1}% 117
\BOOKMARK [2][-]{section*.117}{\376\377\000E\000r\000g\000o\000.\000\040}{section.1}% 118
\BOOKMARK [2][-]{section*.118}{\376\377\000I\000m\000p\000u\000t\000a\000b\000i\000t\000u\000r\000\040\000.\000\040}{section.1}% 119
\BOOKMARK [2][-]{section*.119}{\376\377\000E\000t\000\040\000i\000u\000d\000i\000c\000a\000b\000i\000t\000.\000\040}{section.1}% 120
\BOOKMARK [2][-]{section*.120}{\376\377\000I\000u\000d\000i\000c\000a\000b\000i\000t\000.\000\040}{section.1}% 121
\BOOKMARK [2][-]{section*.121}{\376\377\000l\000u\000d\000a\000e\000u\000s\000.\000\040}{section.1}% 122
\BOOKMARK [2][-]{section*.122}{\376\377\000I\000N\000\040\000M\000A\000N\000I\000F\000E\000S\000T\000O\000.\000\040\000I\000n\000\040\000c\000u\000t\000e\000\040\000c\000o\000r\000a\000m\000\040\000h\000o\000m\000i\000n\000i\000b\000u\000s\000.\000\040}{section.1}% 123
\BOOKMARK [2][-]{section*.123}{\376\377\000I\000n\000\040\000o\000c\000c\000u\000l\000t\000o\000.\000\040}{section.1}% 124
\BOOKMARK [2][-]{section*.124}{\376\377\000N\000o\000n\000\040\000l\000i\000t\000e\000r\000a\000.\000\040}{section.1}% 125
\BOOKMARK [1][-]{section.2}{\376\377\000C\000A\000P\000\040\000.\000I\000I\000I\000.}{}% 126
\BOOKMARK [2][-]{section*.125}{\376\377\000G\000e\000n\000t\000i\000b\000u\000s\000,\000\040\000e\000s\000t\000\040\000m\000e\000n\000d\000a\000x\000\040\000.\000\040\000H\000i\000s\000r\000e\000s\000p\000o\000n\000d\000e\000t\000\040\000P\000a\000u\000l\000u\000s\000\040\000.\000\040\000Q\000u\000a\000e\000\040\000u\000t\000i\000l\000i\000t\000a\000s\000?\000\040}{section.2}% 127
\BOOKMARK [2][-]{section*.126}{\376\377\000I\000l\000l\000u\000d\000.\000\040}{section.2}% 128
\BOOKMARK [2][-]{section*.127}{\376\377\000Q\000u\000i\000d\000\040\000e\000n\000i\000m\000\040\000s\000i\000\040\000q\000u\000i\000d\000a\000m\000.\000\040}{section.2}% 129
\BOOKMARK [2][-]{section*.128}{\376\377\000F\000i\000d\000e\000m\000\040\000D\000e\000i\000.\000\040}{section.2}% 130
\BOOKMARK [2][-]{section*.129}{\376\377\000A\000b\000s\000i\000t\000.\000\040}{section.2}% 131
\BOOKMARK [2][-]{section*.130}{\376\377\000S\000i\000t\000.\000\040}{section.2}% 132
\BOOKMARK [2][-]{section*.131}{\376\377\000V\000t\000\040\000i\000u\000s\000t\000i\000f\000i\000c\000e\000r\000i\000s\000.\000\040}{section.2}% 133
\BOOKMARK [2][-]{section*.132}{\376\377\000V\000i\000n\000c\000a\000s\000.\000\040}{section.2}% 134
\BOOKMARK [2][-]{section*.133}{\376\377\000l\000u\000d\000i\000c\000a\000r\000i\000s\000.\000\040}{section.2}% 135
\BOOKMARK [2][-]{section*.134}{\376\377\000Q\000u\000o\000d\000\040\000s\000i\000\040\000i\000n\000i\000u\000s\000t\000i\000c\000i\000a\000.\000\040}{section.2}% 136
\BOOKMARK [2][-]{section*.135}{\376\377\000I\000n\000i\000u\000s\000t\000i\000c\000i\000a\000.\000\040}{section.2}% 137
\BOOKMARK [2][-]{section*.136}{}{section.2}% 138
\BOOKMARK [2][-]{section*.137}{\376\377\000H\000u\000m\000a\000n\000o\000\040\000m\000o\000r\000e\000.\000\040}{section.2}% 139
\BOOKMARK [2][-]{section*.138}{\376\377\000N\000a\000m\000\040\000q\000u\000o\000m\000o\000d\000o\000.\000\040}{section.2}% 140
\BOOKMARK [2][-]{section*.139}{\376\377\000E\000t\000e\000n\000i\000m\000\040\000s\000i\000\040\000u\000e\000r\000i\000t\000a\000s\000\040\000D\000e\000i\000,\000\040\000p\000e\000r\000\040\000m\000e\000u\000m\000\040\000m\000e\000n\000d\000a\000c\000i\000u\000m\000.\000\040}{section.2}% 141
\BOOKMARK [2][-]{section*.140}{\376\377\000E\000x\000c\000e\000l\000l\000u\000i\000t\000.\000\040}{section.2}% 142
\BOOKMARK [2][-]{section*.141}{\376\377\000Q\000u\000i\000d\000\040\000i\000u\000d\000i\000c\000o\000r\000.\000\040}{section.2}% 143
\BOOKMARK [2][-]{section*.142}{\376\377\000\050\000\040\000Q\000u\000e\000m\000a\000d\000m\000o\000d\000u\000m\000\040\000d\000e\000\040\000n\000o\000b\000i\000s\000.\000\051\000\040}{section.2}% 144
\BOOKMARK [2][-]{section*.143}{\376\377\000F\000a\000c\000i\000a\000m\000u\000s\000\040\000m\000a\000l\000a\000.\000\040}{section.2}% 145
\BOOKMARK [2][-]{section*.144}{\376\377\000N\000a\000m\000\040\000i\000l\000l\000u\000d\000\040\000m\000u\000l\000t\000o\000\040\000m\000e\000l\000i\000u\000s\000\040\000e\000s\000t\000.\000\040\000V\000T\000\040\000V\000E\000N\000I\000A\000N\000T\000\040\000B\000O\000N\000A\000.\000\040\000I\000d\000\040\000e\000s\000t\000,\000\040\000o\000r\000i\000a\000t\000u\000r\000\040\000i\000n\000d\000e\000\040\000g\000l\000o\000r\000i\000a\000\040\000D\000e\000i}{section.2}% 146
\BOOKMARK [2][-]{section*.145}{\376\377\000Q\000u\000o\000r\000u\000m\000\040\000d\000a\000m\000n\000a\000t\000i\000o\000.\000\040}{section.2}% 147
\BOOKMARK [2][-]{section*.146}{\376\377\000Q\000u\000i\000d\000\040\000i\000g\000i\000t\000u\000r\000.\000\040}{section.2}% 148
\BOOKMARK [2][-]{section*.147}{\376\377\000N\000u\000l\000l\000o\000\040\000m\000o\000d\000o\000.\000\040}{section.2}% 149
\BOOKMARK [2][-]{section*.148}{\376\377\000A\000n\000t\000e\000.\000\040}{section.2}% 150
\BOOKMARK [2][-]{section*.149}{\376\377\000O\000m\000n\000e\000s\000\040\000p\000e\000c\000c\000a\000t\000o\000.\000\040}{section.2}% 151
\BOOKMARK [2][-]{section*.150}{\376\377\000S\000i\000c\000u\000t\000\040\000s\000c\000r\000i\000p\000t\000u\000m\000\040\000e\000s\000t\000.\000\040}{section.2}% 152
\BOOKMARK [2][-]{section*.151}{\376\377\000N\000o\000n\000\040\000e\000s\000t\000\040\000i\000u\000s\000t\000u\000s\000.\000\040}{section.2}% 153
\BOOKMARK [2][-]{section*.152}{\376\377\000I\000n\000t\000e\000l\000l\000i\000g\000a\000t\000.\000\040}{section.2}% 154
\BOOKMARK [2][-]{section*.153}{\376\377\000E\000X\000Q\000V\000I\000R\000A\000T\000.\000\040\000D\000i\000l\000i\000g\000a\000t\000\040\000D\000e\000u\000m\000.\000\040}{section.2}% 155
\BOOKMARK [2][-]{section*.154}{\376\377\000O\000m\000n\000e\000s\000\040\000d\000e\000f\000l\000e\000x\000e\000r\000u\000n\000t\000.\000\040}{section.2}% 156
\BOOKMARK [2][-]{section*.155}{\376\377\000S\000i\000m\000u\000l\000.\000\040}{section.2}% 157
\BOOKMARK [2][-]{section*.156}{\376\377\000E\000x\000e\000r\000c\000e\000a\000t\000.\000\040}{section.2}% 158
\BOOKMARK [2][-]{section*.157}{\376\377\000S\000e\000p\000u\000l\000c\000h\000r\000u\000m\000.\000\040}{section.2}% 159
\BOOKMARK [2][-]{section*.158}{\376\377\000A\000d\000\040\000d\000o\000l\000u\000m\000.\000\040}{section.2}% 160
\BOOKMARK [2][-]{section*.159}{\376\377\000V\000e\000n\000e\000n\000u\000m\000\040\000a\000s\000p\000i\000d\000u\000m\000.\000\040}{section.2}% 161
\BOOKMARK [2][-]{section*.160}{\376\377\000S\000u\000b\000\040\000l\000a\000b\000i\000i\000s\000.\000\040}{section.2}% 162
\BOOKMARK [2][-]{section*.161}{\376\377\000E\000x\000e\000c\000r\000a\000t\000i\000o\000n\000e\000.\000\040}{section.2}% 163
\BOOKMARK [2][-]{section*.162}{\376\377\000A\000m\000a\000r\000u\000l\000e\000n\000t\000i\000a\000.\000\040}{section.2}% 164
\BOOKMARK [2][-]{section*.163}{\376\377\000P\000e\000d\000e\000s\000\040}{section.2}% 165
\BOOKMARK [2][-]{section*.164}{\376\377\000C\000o\000n\000t\000r\000i\000t\000i\000o\000.\000\040}{section.2}% 166
\BOOKMARK [2][-]{section*.165}{\376\377\000C\000a\000l\000a\000m\000i\000t\000a\000s\000\040\000i\000n\000\040\000u\000i\000i\000s\000.\000\040}{section.2}% 167
\BOOKMARK [2][-]{section*.166}{\376\377\000V\000i\000a\000m\000\040\000p\000a\000c\000i\000s\000.\000\040}{section.2}% 168
\BOOKMARK [2][-]{section*.167}{\376\377\000N\000o\000n\000\040\000e\000s\000t\000\040\000t\000i\000m\000o\000r\000\040\000.\000\040}{section.2}% 169
\BOOKMARK [2][-]{section*.168}{\376\377\000S\000c\000i\000m\000u\000s\000\040\000a\000u\000t\000e\000,\000\040\000q\000u\000o\000d\000\040\000q\000u\000a\000e\000c\000u\000n\000q\000u\000e\000\040\000.\000\040}{section.2}% 170
\BOOKMARK [2][-]{section*.169}{\376\377\000Q\000u\000i\000\040\000i\000n\000\040\000l\000e\000g\000e\000\040\000s\000u\000n\000t\000,\000\040\000d\000i\000c\000a\000t\000.\000\040}{section.2}% 171
\BOOKMARK [2][-]{section*.170}{\376\377\000O\000s\000\040\000o\000b\000t\000u\000r\000e\000t\000u\000r\000.\000\040}{section.2}% 172
\BOOKMARK [2][-]{section*.171}{\376\377\000T\000o\000t\000u\000s\000\040\000m\000u\000n\000d\000u\000s\000.\000\040}{section.2}% 173
\BOOKMARK [2][-]{section*.172}{\376\377\000O\000m\000n\000i\000s\000\040\000c\000a\000r\000o\000.\000\040}{section.2}% 174
\BOOKMARK [2][-]{section*.173}{\376\377\000I\000n\000\040\000c\000o\000n\000s\000p\000e\000c\000t\000u\000\040\000e\000i\000u\000s\000.\000\040}{section.2}% 175
\BOOKMARK [2][-]{section*.174}{\376\377\000P\000e\000r\000\040\000l\000e\000g\000e\000m\000.\000\040}{section.2}% 176
\BOOKMARK [2][-]{section*.175}{\376\377\000N\000u\000n\000c\000\040\000u\000e\000r\000o\000\040\000a\000b\000s\000q\000u\000e\000\040\000l\000e\000g\000e\000\040\000i\000u\000s\000t\000i\000t\000i\000a\000.\000\040}{section.2}% 177
\BOOKMARK [2][-]{section*.176}{\376\377\000D\000u\000m\000\040\000c\000o\000m\000p\000r\000o\000b\000a\000t\000u\000r\000.\000\040}{section.2}% 178
\BOOKMARK [2][-]{section*.177}{\376\377\000I\000u\000s\000t\000i\000c\000i\000a\000\040\000D\000e\000i\000\040\000p\000e\000r\000\040\000f\000i\000d\000e\000m\000\040\000C\000h\000r\000i\000s\000t\000i\000.\000\040}{section.2}% 179
\BOOKMARK [2][-]{section*.178}{\376\377\000I\000n\000\040\000o\000m\000n\000e\000s\000.\000\040}{section.2}% 180
\BOOKMARK [2][-]{section*.179}{\376\377\000N\000o\000n\000\040\000e\000s\000t\000\040\000e\000n\000i\000m\000\040\000d\000i\000s\000t\000i\000n\000c\000t\000i\000o\000.\000\040}{section.2}% 181
\BOOKMARK [2][-]{section*.180}{\376\377\000D\000e\000s\000t\000i\000t\000u\000u\000n\000t\000u\000r\000.\000\040}{section.2}% 182
\BOOKMARK [2][-]{section*.181}{\376\377\000I\000u\000s\000t\000i\000f\000i\000c\000a\000n\000t\000u\000r\000.\000\040}{section.2}% 183
\BOOKMARK [2][-]{section*.182}{\376\377\000P\000e\000r\000\040\000i\000l\000l\000i\000u\000s\000.\000\040}{section.2}% 184
\BOOKMARK [2][-]{section*.183}{\376\377\000P\000e\000r\000\040\000r\000e\000d\000e\000m\000p\000t\000i\000o\000n\000e\000m\000,\000\040}{section.2}% 185
\BOOKMARK [2][-]{section*.184}{\376\377\000P\000r\000o\000p\000o\000s\000u\000i\000t\000\040\000D\000e\000u\000s\000\040\000r\000e\000c\000o\000n\000c\000i\000l\000i\000a\000t\000o\000r\000e\000m\000.\000\040}{section.2}% 186
\BOOKMARK [2][-]{section*.185}{\376\377\000P\000e\000r\000\040\000f\000i\000d\000e\000m\000.\000\040}{section.2}% 187
\BOOKMARK [2][-]{section*.186}{\376\377\000I\000n\000t\000e\000r\000u\000e\000n\000i\000e\000n\000t\000e\000\040\000i\000p\000l\000i\000u\000s\000\040\000s\000a\000n\000g\000u\000i\000n\000e\000.\000\040}{section.2}% 188
\BOOKMARK [2][-]{section*.187}{}{section.2}% 189
\BOOKMARK [2][-]{section*.188}{\376\377\000A\000d\000\040\000o\000s\000t\000e\000n\000s\000i\000o\000n\000e\000m\000\040\000i\000u\000s\000t\000i\000c\000i\000a\000e\000\040\000s\000u\000a\000e\000.\000\040}{section.2}% 190
\BOOKMARK [2][-]{section*.189}{\376\377\000P\000r\000o\000p\000t\000e\000r\000\040\000r\000e\000m\000i\000s\000s\000i\000o\000n\000e\000m\000.\000\040}{section.2}% 191
\BOOKMARK [2][-]{section*.190}{\376\377\000P\000r\000a\000e\000t\000e\000r\000i\000t\000o\000r\000u\000m\000\040\000p\000e\000c\000c\000a\000t\000o\000r\000u\000m\000.\000\040}{section.2}% 192
\BOOKMARK [2][-]{section*.191}{\376\377\000Q\000u\000a\000e\000\040\000D\000e\000u\000s\000\040\000t\000o\000l\000e\000r\000a\000u\000i\000t\000.\000\040}{section.2}% 193
\BOOKMARK [2][-]{section*.192}{\376\377\000A\000d\000\040\000o\000s\000t\000e\000n\000d\000e\000n\000d\000a\000m\000:\000\040}{section.2}% 194
\BOOKMARK [2][-]{section*.193}{\376\377\000I\000n\000\040\000p\000r\000a\000e\000s\000e\000n\000t\000i\000.\000\040}{section.2}% 195
\BOOKMARK [2][-]{section*.194}{\376\377\000V\000t\000\040\000i\000p\000s\000e\000s\000i\000t\000\040\000i\000u\000s\000t\000u\000s\000.\000\040}{section.2}% 196
\BOOKMARK [2][-]{section*.195}{\376\377\000I\000u\000s\000t\000i\000f\000i\000c\000a\000n\000s\000\040\000e\000u\000m\000.\000\040}{section.2}% 197
\BOOKMARK [2][-]{section*.196}{\376\377\000E\000u\000m\000\040\000q\000u\000i\000\040\000e\000s\000t\000.\000\040}{section.2}% 198
\BOOKMARK [2][-]{section*.197}{\376\377\000V\000b\000i\000\040\000i\000g\000i\000t\000u\000r\000\040\000g\000l\000o\000r\000i\000a\000t\000i\000o\000.\000\040}{section.2}% 199
\BOOKMARK [2][-]{section*.198}{\376\377\000E\000x\000c\000l\000u\000s\000a\000\040\000e\000s\000t\000.\000\040}{section.2}% 200
\BOOKMARK [2][-]{section*.199}{\376\377\000P\000e\000r\000\040\000q\000u\000a\000m\000\040\000l\000e\000g\000e\000m\000.\000\040}{section.2}% 201
\BOOKMARK [2][-]{section*.200}{\376\377\000P\000e\000r\000\040\000l\000e\000g\000e\000m\000\040\000f\000i\000d\000e\000i\000.\000\040}{section.2}% 202
\BOOKMARK [2][-]{section*.201}{\376\377\000A\000r\000b\000i\000t\000r\000a\000m\000u\000r\000.\000\040}{section.2}% 203
\BOOKMARK [2][-]{section*.202}{\376\377\000A\000n\000\040\000l\000u\000d\000a\000e\000o\000r\000u\000m\000.\000\040}{section.2}% 204
\BOOKMARK [2][-]{section*.203}{\376\377\000C\000i\000r\000c\000u\000n\000c\000i\000s\000i\000o\000n\000e\000m\000.\000\040}{section.2}% 205
\BOOKMARK [2][-]{section*.204}{\376\377\000L\000e\000g\000e\000m\000i\000g\000i\000t\000u\000r\000.\000\040}{section.2}% 206
\BOOKMARK [1][-]{section.3}{\376\377\000C\000A\000P\000A\000\040\000I\000I\000I\000I\000.}{}% 207
\BOOKMARK [2][-]{section*.205}{\376\377\000Q\000u\000i\000d\000\040\000i\000g\000i\000t\000u\000r\000?\000\040}{section.3}% 208
\BOOKMARK [2][-]{section*.206}{\376\377\000N\000a\000m\000\040\000s\000i\000\040\000A\000b\000r\000a\000h\000a\000m\000.\000\040}{section.3}% 209
\BOOKMARK [2][-]{section*.207}{\376\377\000F\000s\000a\000b\000e\000t\000\040\000q\000u\000o\000d\000\040\000g\000l\000o\000r\000i\000e\000t\000u\000r\000.\000\040}{section.3}% 210
\BOOKMARK [2][-]{section*.208}{\376\377\000C\000r\000e\000d\000i\000d\000i\000t\000\040\000A\000b\000r\000a\000h\000a\000m\000.\000\040}{section.3}% 211
\BOOKMARK [2][-]{section*.209}{\376\377\000Q\000u\000i\000\040\000o\000p\000e\000r\000a\000t\000u\000r\000,\000\040}{section.3}% 212
\BOOKMARK [2][-]{section*.210}{\376\377\000Q\000u\000i\000\040\000i\000u\000s\000t\000i\000f\000i\000c\000a\000t\000.\000\040}{section.3}% 213
\BOOKMARK [2][-]{section*.211}{\376\377\000Q\000u\000e\000m\000a\000d\000m\000o\000d\000u\000m\000\040\000e\000t\000\040\000D\000a\000u\000i\000d\000.\000\040}{section.3}% 214
\BOOKMARK [2][-]{section*.212}{\376\377\000B\000e\000a\000t\000i\000f\000i\000c\000a\000t\000i\000o\000n\000e\000m\000\040\000h\000o\000m\000i\000n\000i\000s\000.\000\040}{section.3}% 215
\BOOKMARK [2][-]{section*.213}{\376\377\000C\000u\000i\000\040\000D\000e\000u\000s\000.\000\040}{section.3}% 216
\BOOKMARK [2][-]{section*.214}{\376\377\000O\000b\000t\000e\000c\000t\000a\000\040\000s\000u\000n\000t\000.\000\040}{section.3}% 217
\BOOKMARK [2][-]{section*.215}{\376\377\000D\000i\000c\000i\000m\000u\000s\000.\000\040}{section.3}% 218
\BOOKMARK [2][-]{section*.216}{\376\377\000N\000o\000n\000\040\000i\000n\000\040\000c\000i\000r\000c\000u\000n\000c\000i\000s\000i\000o\000n\000e\000.\000\040}{section.3}% 219
\BOOKMARK [2][-]{section*.217}{\376\377\000E\000t\000\040\000s\000i\000g\000n\000u\000m\000.\000\040}{section.3}% 220
\BOOKMARK [2][-]{section*.218}{\376\377\000Q\000u\000a\000e\000\040\000f\000u\000e\000r\000a\000t\000\040\000i\000n\000\040\000p\000r\000a\000e\000p\000u\000t\000i\000o\000.\000\040}{section.3}% 221
\BOOKMARK [2][-]{section*.219}{\376\377\000C\000r\000e\000d\000e\000n\000t\000i\000u\000m\000.\000\040}{section.3}% 222
\BOOKMARK [2][-]{section*.220}{\376\377\000l\000i\000s\000\040\000q\000u\000i\000.\000\040}{section.3}% 223
\BOOKMARK [2][-]{section*.221}{\376\377\000Q\000u\000a\000e\000.\000\040}{section.3}% 224
\BOOKMARK [2][-]{section*.222}{\376\377\000N\000o\000n\000\040\000e\000n\000i\000m\000\040\000p\000e\000r\000\040\000l\000e\000g\000e\000m\000.\000\040}{section.3}% 225
\BOOKMARK [2][-]{section*.223}{\376\377\000\040}{section.3}% 226
\BOOKMARK [2][-]{section*.224}{\376\377\000\040}{section.3}% 227
\BOOKMARK [2][-]{section*.225}{\376\377\000\040}{section.3}% 228
\BOOKMARK [2][-]{section*.226}{\376\377\000\040}{section.3}% 229
\BOOKMARK [2][-]{section*.227}{\376\377\000\040}{section.3}% 230
\BOOKMARK [2][-]{section*.228}{\376\377\000\040}{section.3}% 231
\BOOKMARK [2][-]{section*.229}{\376\377\000\040}{section.3}% 232
\BOOKMARK [2][-]{section*.230}{\376\377\000N\000a\000m\000\040\000l\000e\000x\000\040\000i\000r\000a\000m\000.\000\040}{section.3}% 233
\BOOKMARK [2][-]{section*.231}{\376\377\000S\000i\000q\000u\000i\000d\000e\000m\000.\000\040}{section.3}% 234
\BOOKMARK [2][-]{section*.232}{\376\377\000I\000d\000c\000i\000r\000c\000o\000\040\000e\000x\000\040\000f\000i\000d\000e\000.\000\040}{section.3}% 235
\BOOKMARK [2][-]{section*.233}{\376\377\000V\000t\000\040\000f\000i\000r\000m\000a\000\040\000s\000i\000t\000\040\000p\000r\000o\000m\000i\000s\000s\000i\000o\000\040\000u\000n\000i\000u\000e\000r\000.\000\040\000s\000o\000\040\000s\000e\000m\000i\000n\000i\000.\000\040}{section.3}% 236
\BOOKMARK [2][-]{section*.234}{\376\377\000V\000t\000\040\000s\000e\000c\000u\000n\000d\000u\000m\000\040\000g\000r\000a\000t\000i\000a\000m\000.\000\040\000I\000d\000\040\000e\000s\000t\000,\000\040\000g\000r\000a\000t\000i\000s\000\040\000s\000i\000t\000\040\000.\000\040\000A\000d\000\040\000q\000u\000i\000d\000?\000\040}{section.3}% 237
\BOOKMARK [2][-]{section*.235}{}{section.3}% 238
\BOOKMARK [2][-]{section*.236}{}{section.3}% 239
\BOOKMARK [2][-]{section*.237}{}{section.3}% 240
\BOOKMARK [2][-]{section*.238}{}{section.3}% 241
\BOOKMARK [2][-]{section*.239}{}{section.3}% 242
\BOOKMARK [2][-]{section*.240}{\376\377\000Q\000V\000I\000\040\000V\000I\000T\000A\000E\000.\000\040\000V\000e\000l\000\040\000a\000d\000\040\000u\000i\000t\000a\000m\000.\000\040}{section.3}% 243
\BOOKMARK [2][-]{section*.241}{\376\377\000V\000o\000c\000a\000t\000.\000\040}{section.3}% 244
\BOOKMARK [2][-]{section*.242}{\376\377\000Q\000u\000i\000\040\000p\000r\000a\000e\000t\000e\000r\000\040\000s\000p\000e\000m\000.\000\040}{section.3}% 245
\BOOKMARK [2][-]{section*.243}{\376\377\000S\000i\000c\000\040\000e\000r\000i\000t\000\040\000s\000e\000m\000e\000n\000.\000\040}{section.3}% 246
\BOOKMARK [2][-]{section*.244}{\376\377\000I\000d\000\040\000e\000s\000t\000,\000\040\000i\000n\000n\000u\000m\000e\000r\000a\000b\000i\000l\000e\000,\000\040\000u\000t\000\040\000s\000t\000e\000l\000l\000a\000e\000\040\000c\000o\000e\000l\000i\000.\000\040\000N\000o\000n\000\040\000i\000n\000f\000i\000r\000m\000a\000t\000u\000s\000.\000\040\000S\000e\000d\000\040\000c\000o\000n\000s\000t\000a\000n\000t\000e\000r\000\040\000c\000r\000e\000d\000e\000n\000s\000.\000\040}{section.3}% 247
\BOOKMARK [2][-]{section*.245}{\376\377\000E\000m\000o\000r\000t\000u\000a\000m\000\040\000u\000u\000l\000u\000a\000m\000.\000\040}{section.3}% 248
\BOOKMARK [2][-]{section*.246}{\376\377\000O\000b\000\040\000i\000n\000c\000r\000e\000d\000u\000l\000i\000t\000a\000t\000e\000m\000.\000\040}{section.3}% 249
\BOOKMARK [2][-]{section*.247}{\376\377\000N\000o\000n\000\040\000h\000a\000e\000s\000i\000t\000a\000b\000a\000t\000.\000\040}{section.3}% 250
\BOOKMARK [2][-]{section*.248}{\376\377\000T\000r\000i\000b\000u\000e\000n\000s\000\040\000g\000l\000o\000r\000i\000a\000m\000.\000\040}{section.3}% 251
\BOOKMARK [2][-]{section*.249}{\376\377\000C\000e\000r\000t\000a\000\040\000p\000e\000r\000s\000u\000a\000s\000i\000o\000n\000e\000.\000\040}{section.3}% 252
\BOOKMARK [2][-]{section*.250}{\376\377\000N\000o\000n\000s\000c\000r\000i\000p\000t\000u\000m\000\040\000e\000s\000t\000.\000\040}{section.3}% 253
\BOOKMARK [2][-]{section*.251}{\376\377\000I\000l\000l\000i\000.\000\040}{section.3}% 254
\BOOKMARK [2][-]{section*.252}{\376\377\000S\000c\000i\000l\000i\000c\000e\000t\000,\000\040\000a\000d\000\040\000i\000u\000s\000t\000i\000c\000i\000a\000m\000\040\000q\000u\000o\000d\000\040\000c\000r\000e\000d\000i\000d\000i\000t\000.\000\040\000Q\000V\000I\000B\000V\000S\000.\000\040\000S\000c\000i\000l\000i\000c\000e\000t\000\040\000n\000o\000b\000i\000s\000.\000\040\000I\000M\000P\000V\000T\000A\000B\000I\000T\000V\000R\000.\000\040\000S\000c\000i\000l\000i\000c\000e\000t\000,\000\040\000a\000d\000\040\000i\000u\000s\000t\000i\000c\000i\000a\000m\000.\000\040\000I\000N\000\040\000E\000V\000M\000.\000\040\000S\000c\000i\000l\000i\000c\000e\000t\000\040\000D\000e\000u\000m\000\040\000p\000a\000t\000r\000e\000m\000.\000\040}{section.3}% 255
\BOOKMARK [2][-]{section*.253}{\376\377\000Q\000u\000i\000\040\000e\000x\000c\000i\000t\000a\000u\000i\000t\000.\000\040}{section.3}% 256
\BOOKMARK [2][-]{section*.254}{\376\377\000T\000r\000a\000d\000i\000t\000u\000s\000.\000\040}{section.3}% 257
\BOOKMARK [2][-]{section*.255}{\376\377\000E\000x\000c\000i\000t\000a\000t\000u\000s\000.\000\040}{section.3}% 258
\BOOKMARK [1][-]{section.4}{\376\377\000C\000A\000P\000.\000V\000.}{}% 259
\BOOKMARK [2][-]{section*.256}{\376\377\000l\000u\000s\000t\000i\000f\000i\000c\000a\000t\000i\000.\000\040}{section.4}% 260
\BOOKMARK [2][-]{section*.257}{\376\377\000P\000e\000r\000\040\000C\000h\000r\000i\000s\000t\000u\000m\000.\000\040}{section.4}% 261
\BOOKMARK [2][-]{section*.258}{\376\377\000I\000n\000\040\000q\000u\000a\000.\000\040}{section.4}% 262
\BOOKMARK [2][-]{section*.259}{\376\377\000S\000t\000a\000m\000u\000s\000.\000\040}{section.4}% 263
\BOOKMARK [2][-]{section*.260}{\376\377\000G\000l\000o\000r\000i\000a\000m\000u\000r\000.\000\040}{section.4}% 264
\BOOKMARK [2][-]{section*.261}{\376\377\000S\000u\000b\000\040\000s\000p\000e\000\040\000g\000l\000o\000r\000i\000a\000e\000.\000\040}{section.4}% 265
\BOOKMARK [2][-]{section*.262}{\376\377\000N\000e\000c\000\040\000i\000d\000\040\000s\000o\000l\000u\000m\000.\000\040}{section.4}% 266
\BOOKMARK [2][-]{section*.263}{\376\377\000D\000e\000\040\000a\000f\000f\000l\000i\000c\000t\000i\000o\000n\000i\000b\000u\000s\000.\000\040}{section.4}% 267
\BOOKMARK [2][-]{section*.264}{\376\377\000S\000c\000i\000e\000n\000t\000e\000s\000\040\000q\000u\000o\000d\000\040\000a\000f\000f\000l\000i\000c\000t\000i\000o\000.\000\040}{section.4}% 268
\BOOKMARK [2][-]{section*.265}{\376\377\000P\000r\000o\000b\000a\000t\000i\000o\000n\000e\000m\000.\000\040}{section.4}% 269
\BOOKMARK [2][-]{section*.266}{\376\377\000S\000p\000e\000m\000.\000\040}{section.4}% 270
\BOOKMARK [2][-]{section*.267}{\376\377\000P\000o\000r\000r\000o\000\040\000s\000p\000e\000s\000.\000\040}{section.4}% 271
\BOOKMARK [2][-]{section*.268}{\376\377\000N\000o\000n\000\040\000p\000u\000d\000e\000f\000a\000c\000i\000t\000.\000\040}{section.4}% 272
\BOOKMARK [2][-]{section*.269}{\376\377\000D\000i\000l\000e\000c\000t\000i\000o\000\040\000D\000e\000i\000.\000\040}{section.4}% 273
\BOOKMARK [2][-]{section*.270}{\376\377\000E\000f\000f\000u\000s\000a\000\040\000e\000s\000t\000.\000\040}{section.4}% 274
\BOOKMARK [2][-]{section*.271}{\376\377\000Q\000u\000i\000a\000\040\000C\000h\000r\000i\000s\000t\000u\000s\000,\000\040\000c\000u\000m\000\040\000e\000s\000s\000e\000m\000u\000s\000\040\000a\000d\000\040\000h\000u\000c\000\040\000i\000n\000f\000i\000r\000m\000i\000.\000\040}{section.4}% 275
\BOOKMARK [2][-]{section*.272}{\376\377\000l\000u\000x\000t\000a\000\040\000t\000e\000m\000p\000o\000r\000i\000s\000\040\000r\000a\000t\000i\000o\000n\000e\000m\000.\000\040}{section.4}% 276
\BOOKMARK [2][-]{section*.273}{\376\377\000\040}{section.4}% 277
\BOOKMARK [2][-]{section*.274}{\376\377\000\040}{section.4}% 278
\BOOKMARK [2][-]{section*.275}{\376\377\000C\000h\000r\000i\000s\000t\000u\000s\000\040\000p\000r\000o\000\040\000n\000o\000b\000i\000s\000\040\000m\000o\000r\000t\000u\000u\000s\000\040\000f\000u\000i\000t\000.\000\040}{section.4}% 279
\BOOKMARK [2][-]{section*.276}{\376\377\000M\000u\000l\000t\000o\000\040\000i\000g\000i\000t\000u\000r\000\040\000m\000a\000g\000i\000s\000.\000\040}{section.4}% 280
\BOOKMARK [2][-]{section*.277}{\376\377\000N\000a\000m\000\040\000c\000u\000m\000\040\000i\000n\000i\000m\000i\000c\000i\000.\000\040}{section.4}% 281
\BOOKMARK [2][-]{section*.278}{\376\377\000P\000e\000r\000\040\000u\000i\000t\000a\000m\000.\000\040}{section.4}% 282
\BOOKMARK [2][-]{section*.279}{\376\377\000N\000o\000n\000\040\000s\000o\000l\000u\000m\000\040\000a\000u\000t\000e\000m\000\040\000h\000o\000c\000.\000\040}{section.4}% 283
\BOOKMARK [2][-]{section*.280}{\376\377\000Q\000u\000e\000m\000a\000d\000m\000o\000d\000u\000m\000\040\000p\000e\000r\000\040\000u\000n\000u\000m\000\040\000h\000o\000m\000i\000n\000e\000m\000.\000\040}{section.4}% 284
\BOOKMARK [2][-]{section*.281}{\376\377\000P\000e\000r\000\040\000u\000n\000u\000m\000.\000\040}{section.4}% 285
\BOOKMARK [2][-]{section*.282}{\376\377\000I\000n\000\040\000m\000u\000n\000d\000u\000m\000.\000\040}{section.4}% 286
\BOOKMARK [2][-]{section*.283}{\376\377\000I\000d\000\040\000e\000s\000t\000,\000\040\000o\000m\000n\000e\000s\000\040\000h\000o\000m\000i\000n\000e\000s\000.\000\040}{section.4}% 287
\BOOKMARK [2][-]{section*.284}{\376\377\000P\000e\000c\000c\000a\000t\000u\000m\000\040\000i\000n\000t\000r\000o\000i\000i\000t\000.\000\040}{section.4}% 288
\BOOKMARK [2][-]{section*.285}{\376\377\000I\000n\000\040\000o\000m\000n\000e\000s\000\040\000h\000o\000m\000i\000n\000e\000s\000.\000\040}{section.4}% 289
\BOOKMARK [2][-]{section*.286}{\376\377\000V\000s\000q\000u\000e\000\040\000a\000d\000\040\000l\000e\000g\000e\000m\000.\000\040}{section.4}% 290
\BOOKMARK [2][-]{section*.287}{\376\377\000P\000e\000c\000c\000a\000t\000u\000m\000\040\000n\000o\000n\000\040\000r\000e\000p\000u\000t\000a\000t\000u\000r\000.\000\040}{section.4}% 291
\BOOKMARK [2][-]{section*.288}{\376\377\000I\000m\000o\000\040\000r\000e\000g\000n\000a\000u\000i\000t\000\040\000m\000o\000r\000s\000.\000\040}{section.4}% 292
\BOOKMARK [2][-]{section*.289}{\376\377\000I\000n\000\040\000e\000o\000s\000\040\000q\000u\000o\000q\000u\000e\000\040\000q\000u\000i\000\040\000n\000o\000n\000\040\000p\000e\000c\000c\000a\000u\000e\000r\000a\000n\000t\000\040\000a\000d\000\040\000s\000i\000m\000i\000l\000i\000t\000u\000d\000i\000n\000e\000m\000\040\000t\000r\000a\000n\000s\000g\000r\000e\000s\000s\000i\000o\000n\000i\000s\000\040\000A\000d\000a\000m\000.\000\040}{section.4}% 293
\BOOKMARK [2][-]{section*.290}{\376\377\000I\000l\000l\000i\000u\000s\000\040\000f\000u\000t\000u\000r\000i\000.\000\040}{section.4}% 294
\BOOKMARK [2][-]{section*.291}{\376\377\000A\000t\000\040\000n\000o\000n\000u\000t\000\040\000p\000e\000c\000c\000a\000t\000u\000,\000\040\000i\000t\000a\000\040\000e\000t\000\040\000d\000o\000n\000u\000m\000.\000\040}{section.4}% 295
\BOOKMARK [2][-]{section*.292}{\376\377\000N\000a\000m\000\040\000s\000i\000\040\000u\000n\000i\000u\000s\000\040\000d\000e\000l\000i\000c\000t\000o\000.\000\040}{section.4}% 296
\BOOKMARK [2][-]{section*.293}{\376\377\000G\000r\000a\000t\000i\000a\000\040\000D\000e\000i\000.\000\040}{section.4}% 297
\BOOKMARK [2][-]{section*.294}{\376\377\000E\000t\000\040\000d\000o\000n\000u\000m\000.\000\040}{section.4}% 298
\BOOKMARK [2][-]{section*.295}{\376\377\000Q\000u\000a\000e\000\040\000f\000u\000i\000t\000\040\000u\000n\000i\000u\000s\000\040\000C\000h\000r\000i\000s\000t\000i\000.\000\040}{section.4}% 299
\BOOKMARK [2][-]{section*.296}{\376\377\000E\000x\000u\000b\000e\000r\000a\000u\000i\000t\000.\000\040}{section.4}% 300
\BOOKMARK [2][-]{section*.297}{\376\377\000E\000t\000\040\000n\000o\000n\000\040\000s\000i\000c\000u\000t\000\040\000p\000e\000r\000\040\000u\000n\000u\000m\000.\000\040}{section.4}% 301
\BOOKMARK [2][-]{section*.298}{\376\377\000l\000t\000a\000\040\000e\000t\000\040\000d\000o\000n\000u\000m\000.\000\040}{section.4}% 302
\BOOKMARK [2][-]{section*.299}{\376\377\000N\000a\000m\000\040\000c\000o\000n\000d\000e\000m\000n\000a\000t\000i\000o\000.\000\040}{section.4}% 303
\BOOKMARK [2][-]{section*.300}{\376\377\000D\000o\000n\000u\000i\000m\000\040\000a\000u\000t\000e\000m\000.\000\040}{section.4}% 304
\BOOKMARK [2][-]{section*.301}{\376\377\000E\000x\000\040\000m\000u\000l\000t\000i\000s\000\040\000d\000e\000l\000i\000c\000t\000i\000s\000.\000\040}{section.4}% 305
\BOOKMARK [2][-]{section*.302}{\376\377\000A\000d\000\040\000i\000u\000s\000t\000i\000f\000i\000c\000a\000t\000i\000o\000n\000e\000m\000.\000\040}{section.4}% 306
\BOOKMARK [2][-]{section*.303}{\376\377\000E\000t\000\040\000e\000n\000i\000m\000\040\000s\000i\000\040\000p\000e\000r\000\040\000u\000n\000i\000u\000s\000\040\000p\000e\000c\000c\000a\000t\000u\000m\000.\000\040}{section.4}% 307
\BOOKMARK [2][-]{section*.304}{\376\377\000R\000e\000g\000n\000a\000u\000i\000t\000.\000\040}{section.4}% 308
\BOOKMARK [2][-]{section*.305}{\376\377\000Q\000u\000i\000\040\000e\000x\000u\000b\000e\000r\000a\000n\000t\000i\000a\000m\000\040\000g\000r\000a\000t\000i\000a\000e\000.\000\040}{section.4}% 309
\BOOKMARK [2][-]{section*.306}{\376\377\000D\000o\000n\000i\000\040\000i\000u\000s\000t\000i\000c\000i\000a\000e\000.\000\040}{section.4}% 310
\BOOKMARK [2][-]{section*.307}{\376\377\000P\000e\000r\000\040\000u\000i\000t\000a\000m\000.\000\040}{section.4}% 311
\BOOKMARK [2][-]{section*.308}{\376\377\000A\000u\000t\000o\000r\000e\000\040\000u\000n\000o\000.\000\040}{section.4}% 312
\BOOKMARK [2][-]{section*.309}{\376\377\000I\000t\000a\000q\000u\000e\000\040\000s\000i\000c\000u\000t\000.\000\040}{section.4}% 313
\BOOKMARK [2][-]{section*.310}{\376\377\000A\000d\000\040\000c\000o\000n\000d\000e\000m\000n\000a\000t\000i\000o\000n\000e\000m\000.\000\040}{section.4}% 314
\BOOKMARK [2][-]{section*.311}{\376\377\000M\000u\000l\000t\000i\000.\000\040}{section.4}% 315
\BOOKMARK [2][-]{section*.312}{\376\377\000C\000a\000e\000t\000e\000r\000u\000m\000\040\000l\000e\000x\000.\000\040}{section.4}% 316
\BOOKMARK [2][-]{section*.313}{\376\377\000V\000t\000\040\000a\000b\000u\000n\000d\000a\000r\000e\000t\000.\000\040}{section.4}% 317
\BOOKMARK [2][-]{section*.314}{\376\377\000V\000b\000i\000\040\000u\000e\000r\000o\000\040\000e\000x\000u\000b\000e\000r\000a\000u\000i\000t\000.\000\040}{section.4}% 318
\BOOKMARK [2][-]{section*.315}{\376\377\000I\000n\000\040\000m\000o\000r\000t\000e\000.\000\040}{section.4}% 319
\BOOKMARK [2][-]{section*.316}{\376\377\000P\000e\000r\000\040\000l\000e\000s\000u\000m\000,\000\040}{section.4}% 320
\BOOKMARK [2][-]{section*.317}{}{section.4}% 321
\BOOKMARK [2][-]{section*.318}{\376\377\000Q\000u\000i\000\040\000m\000o\000r\000t\000u\000i\000\040\000s\000u\000m\000u\000s\000.\000\040}{section.4}% 322
\BOOKMARK [2][-]{section*.319}{\376\377\000P\000e\000c\000c\000a\000t\000o\000.\000\040}{section.4}% 323
\BOOKMARK [2][-]{section*.320}{\376\377\000Q\000u\000o\000m\000o\000d\000o\000\040\000u\000i\000u\000e\000m\000u\000s\000.\000\040}{section.4}% 324
\BOOKMARK [2][-]{section*.321}{\376\377\000A\000n\000\040\000i\000g\000n\000o\000r\000a\000t\000i\000s\000,\000\040\000q\000u\000o\000d\000\040\000q\000u\000i\000\040\000c\000u\000m\000.\000\040}{section.4}% 325
\BOOKMARK [2][-]{section*.322}{\376\377\000I\000n\000\040\000m\000o\000r\000t\000e\000m\000\040\000e\000i\000u\000s\000.\000\040}{section.4}% 326
\BOOKMARK [2][-]{section*.323}{\376\377\000S\000e\000p\000u\000l\000t\000i\000\040\000i\000g\000i\000t\000u\000r\000.\000\040}{section.4}% 327
\BOOKMARK [2][-]{section*.324}{\376\377\000V\000t\000\040\000q\000u\000e\000m\000a\000d\000m\000o\000d\000u\000m\000\040\000e\000x\000c\000i\000t\000a\000t\000u\000s\000\040\000C\000h\000r\000i\000s\000t\000u\000s\000\040\000e\000x\000\040\000m\000o\000r\000t\000u\000i\000s\000\040\000p\000e\000r\000\040\000g\000l\000o\000r\000i\000a\000m\000.\000\040}{section.4}% 328
\BOOKMARK [2][-]{section*.325}{\376\377\000N\000a\000m\000\040\000s\000i\000\040\000i\000n\000s\000i\000t\000i\000c\000i\000i\000.\000\040}{section.4}% 329
\BOOKMARK [2][-]{section*.326}{\376\377\000I\000l\000l\000u\000d\000\040\000s\000c\000i\000e\000n\000t\000e\000s\000\040\000,\000\040\000q\000u\000o\000d\000\040\000u\000e\000t\000u\000s\000.\000\040}{section.4}% 330
\BOOKMARK [2][-]{section*.327}{\376\377\000C\000r\000u\000c\000i\000f\000i\000x\000u\000s\000\040\000e\000s\000t\000.\000\040}{section.4}% 331
\BOOKMARK [2][-]{section*.328}{\376\377\000V\000t\000\040\000a\000b\000o\000l\000e\000r\000e\000t\000u\000r\000\040\000c\000o\000r\000p\000u\000s\000.\000\040}{section.4}% 332
\BOOKMARK [2][-]{section*.329}{\376\377\000E\000t\000e\000n\000i\000m\000\040\000q\000u\000i\000\040\000m\000o\000r\000t\000u\000u\000s\000\040\000e\000s\000t\000,\000\040\000i\000u\000s\000t\000i\000f\000i\000\040\000c\000a\000t\000u\000s\000\040\000e\000s\000t\000.\000\040}{section.4}% 333
\BOOKMARK [2][-]{section*.330}{\376\377\000V\000i\000u\000e\000m\000u\000s\000.\000\040}{section.4}% 334
\BOOKMARK [2][-]{section*.331}{\376\377\000S\000c\000i\000e\000n\000t\000e\000s\000\040\000q\000u\000o\000d\000.\000\040}{section.4}% 335
\BOOKMARK [2][-]{section*.332}{\376\377\000N\000a\000m\000\040\000q\000u\000o\000d\000\040\000m\000o\000r\000t\000u\000u\000s\000\040\000f\000u\000i\000t\000,\000\040\000p\000e\000c\000c\000a\000t\000o\000\040\000e\000t\000c\000.\000\040}{section.4}% 336
\BOOKMARK [2][-]{section*.333}{\376\377\000I\000t\000a\000\040\000e\000t\000\040\000u\000o\000s\000\040\000e\000x\000i\000s\000t\000i\000m\000a\000t\000e\000.\000\040}{section.4}% 337
\BOOKMARK [2][-]{section*.334}{\376\377\000P\000e\000r\000\040\000C\000h\000r\000i\000s\000t\000u\000m\000.\000\040}{section.4}% 338
\BOOKMARK [2][-]{section*.335}{\376\377\000N\000e\000\040\000r\000e\000g\000n\000e\000t\000\040\000i\000g\000i\000t\000u\000r\000.\000\040}{section.4}% 339
\BOOKMARK [2][-]{section*.336}{\376\377\000P\000e\000r\000\040\000c\000u\000p\000i\000d\000i\000t\000a\000t\000e\000s\000.\000\040}{section.4}% 340
\BOOKMARK [2][-]{section*.337}{\376\377\000N\000e\000q\000u\000e\000\040\000a\000c\000c\000o\000m\000m\000o\000d\000e\000t\000i\000s\000.\000\040}{section.4}% 341
\BOOKMARK [2][-]{section*.338}{\376\377\000S\000e\000d\000\040\000a\000c\000c\000o\000m\000m\000o\000d\000e\000t\000i\000s\000\040\000u\000o\000s\000m\000e\000t\000i\000p\000s\000o\000s\000\040\000D\000e\000o\000.\000\040}{section.4}% 342
\BOOKMARK [2][-]{section*.339}{\376\377\000V\000e\000l\000u\000t\000\040\000e\000x\000\040\000m\000o\000r\000t\000u\000i\000s\000\040\000u\000i\000u\000e\000n\000.\000\040}{section.4}% 343
\BOOKMARK [2][-]{section*.340}{\376\377\000D\000e\000o\000.\000\040}{section.4}% 344
\BOOKMARK [2][-]{section*.341}{\376\377\000P\000e\000c\000c\000a\000t\000u\000m\000\040\000u\000o\000b\000i\000s\000\040\000n\000o\000n\000\040\000d\000o\000m\000i\000n\000a\000b\000i\000t\000u\000r\000.\000\040}{section.4}% 345
\BOOKMARK [2][-]{section*.342}{\376\377\000A\000n\000\040\000n\000e\000s\000c\000i\000t\000i\000s\000.\000\040}{section.4}% 346
\BOOKMARK [2][-]{section*.343}{\376\377\000l\000u\000s\000t\000i\000c\000i\000a\000m\000.\000\040}{section.4}% 347
\BOOKMARK [2][-]{section*.344}{\376\377\000G\000r\000a\000t\000i\000a\000.\000\040}{section.4}% 348
\BOOKMARK [2][-]{section*.345}{\376\377\000O\000b\000e\000d\000i\000s\000t\000i\000s\000.\000\040}{section.4}% 349
\BOOKMARK [2][-]{section*.346}{\376\377\000E\000x\000\040\000a\000n\000i\000m\000o\000.\000\040}{section.4}% 350
\BOOKMARK [2][-]{section*.347}{\376\377\000T\000r\000a\000d\000u\000c\000t\000i\000.\000\040}{section.4}% 351
\BOOKMARK [2][-]{section*.348}{\376\377\000H\000u\000m\000a\000n\000u\000m\000,\000\040}{section.4}% 352
\BOOKMARK [2][-]{section*.349}{\376\377\000P\000r\000o\000p\000t\000e\000r\000\040\000i\000n\000f\000i\000r\000m\000i\000t\000a\000t\000e\000m\000\040\000u\000e\000s\000t\000r\000a\000m\000.\000\040}{section.4}% 353
\BOOKMARK [2][-]{section*.350}{\376\377\000I\000m\000m\000u\000n\000d\000i\000.\000\040}{section.4}% 354
\BOOKMARK [2][-]{section*.351}{}{section.4}% 355
\BOOKMARK [2][-]{section*.352}{\376\377\000S\000e\000r\000u\000a\000\040\000i\000u\000s\000t\000i\000c\000i\000a\000e\000.\000\040}{section.4}% 356
\BOOKMARK [2][-]{section*.353}{\376\377\000C\000u\000m\000\040\000e\000n\000i\000m\000\040\000s\000e\000r\000u\000i\000\040\000e\000s\000s\000e\000t\000i\000s\000.\000\040}{section.4}% 357
\BOOKMARK [2][-]{section*.354}{\376\377\000Q\000u\000e\000m\000\040\000i\000g\000i\000t\000u\000r\000\040\000f\000r\000u\000c\000t\000u\000m\000?\000\040}{section.4}% 358
\BOOKMARK [2][-]{section*.355}{\376\377\000E\000t\000e\000n\000i\000m\000\040\000a\000u\000t\000o\000r\000a\000m\000e\000n\000t\000a\000.\000\040}{section.4}% 359
\BOOKMARK [2][-]{section*.356}{\376\377\000D\000o\000n\000u\000m\000.\000\040}{section.4}% 360
\BOOKMARK [1][-]{section.5}{\376\377\000C\000A\000P\000.\000V\000I\000I\000.}{}% 361
\BOOKMARK [2][-]{section*.357}{\376\377\000S\000c\000i\000e\000n\000t\000i\000b\000u\000s\000.\000\040}{section.5}% 362
\BOOKMARK [2][-]{section*.358}{\376\377\000Q\000u\000o\000a\000d\000.\000\040}{section.5}% 363
\BOOKMARK [2][-]{section*.359}{\376\377\000A\000d\000u\000l\000t\000e\000r\000a\000\040\000i\000u\000d\000i\000c\000a\000t\000u\000r\000.\000\040}{section.5}% 364
\BOOKMARK [2][-]{section*.360}{\376\377\000S\000c\000i\000l\000i\000c\000e\000t\000,\000\040\000p\000e\000r\000\040\000l\000e\000g\000e\000m\000.\000\040\000A\000L\000T\000E\000R\000I\000.\000\040\000S\000c\000i\000l\000i\000c\000e\000t\000,\000\040\000a\000d\000u\000l\000t\000e\000r\000o\000.\000\040}{section.5}% 365
\BOOKMARK [2][-]{section*.361}{\376\377\000I\000t\000a\000q\000u\000e\000\040\000f\000r\000a\000t\000r\000e\000s\000.\000\040}{section.5}% 366
\BOOKMARK [2][-]{section*.362}{\376\377\000M\000l\000o\000r\000t\000i\000f\000i\000c\000a\000t\000i\000\040\000e\000s\000t\000i\000s\000\040\000l\000e\000g\000i\000.\000\040}{section.5}% 367
\BOOKMARK [2][-]{section*.363}{\376\377\000P\000e\000r\000\040\000c\000o\000r\000p\000u\000s\000.\000\040}{section.5}% 368
\BOOKMARK [2][-]{section*.364}{\376\377\000F\000r\000u\000c\000t\000i\000f\000i\000c\000e\000m\000u\000s\000\040\000D\000e\000o\000.\000\040}{section.5}% 369
\BOOKMARK [2][-]{section*.365}{\376\377\000C\000u\000m\000\040\000e\000n\000i\000m\000\040\000e\000s\000s\000e\000m\000u\000s\000.\000\040}{section.5}% 370
\BOOKMARK [2][-]{section*.366}{\376\377\000Q\000u\000i\000\040\000s\000u\000n\000t\000.\000\040}{section.5}% 371
\BOOKMARK [2][-]{section*.367}{\376\377\000A\000f\000f\000e\000c\000t\000u\000s\000\040\000p\000e\000c\000c\000a\000t\000o\000r\000u\000m\000.\000\040}{section.5}% 372
\BOOKMARK [2][-]{section*.368}{\376\377\000V\000i\000g\000e\000b\000a\000n\000t\000.\000\040}{section.5}% 373
\BOOKMARK [2][-]{section*.369}{\376\377\000A\000d\000\040\000f\000r\000u\000c\000t\000i\000f\000i\000c\000a\000n\000d\000u\000m\000\040\000m\000o\000r\000t\000i\000.\000\040}{section.5}% 374
\BOOKMARK [2][-]{section*.370}{\376\377\000I\000n\000\040\000q\000u\000a\000\040\000d\000e\000t\000i\000n\000e\000b\000a\000m\000u\000r\000.\000\040}{section.5}% 375
\BOOKMARK [2][-]{section*.371}{\376\377\000N\000o\000n\000\040\000p\000e\000r\000\040\000u\000e\000t\000u\000s\000t\000a\000t\000e\000m\000\040\000l\000i\000t\000e\000r\000a\000e\000.\000\040}{section.5}% 376
\BOOKMARK [2][-]{section*.372}{\376\377\000Q\000u\000i\000d\000\040\000e\000r\000g\000o\000\040\000d\000i\000c\000e\000m\000u\000s\000?\000\040}{section.5}% 377
\BOOKMARK [2][-]{section*.373}{\376\377\000S\000e\000d\000\040\000p\000e\000c\000c\000a\000t\000u\000m\000\040\000n\000o\000n\000\040\000c\000o\000g\000n\000o\000v\000i\000.\000\040}{section.5}% 378
\BOOKMARK [2][-]{section*.374}{\376\377\000N\000a\000m\000\040\000e\000t\000\040\000c\000o\000n\000c\000u\000p\000i\000s\000c\000e\000n\000t\000i\000a\000m\000.\000\040}{section.5}% 379
\BOOKMARK [2][-]{section*.375}{\376\377\000S\000e\000d\000\040\000o\000c\000c\000a\000s\000i\000o\000n\000e\000\040\000a\000c\000c\000e\000p\000t\000a\000,\000\040\000p\000e\000c\000c\000a\000t\000u\000m\000.\000\040}{section.5}% 380
\BOOKMARK [2][-]{section*.376}{\376\377\000S\000c\000i\000l\000i\000c\000e\000t\000,\000\040\000q\000u\000o\000d\000\040\000e\000r\000a\000t\000\040\000i\000n\000\040\000m\000e\000,\000\040\000e\000t\000\040\000l\000a\000t\000e\000b\000a\000t\000\040\000i\000n\000\040\000c\000o\000r\000d\000e\000\040\000m\000e\000o\000,\000\040\000m\000e\000\040\000i\000g\000n\000o\000r\000a\000n\000t\000e\000G\000E\000N\000V\000I\000T\000.\000\040\000I\000d\000\040\000e\000s\000t\000,\000\040\000e\000x\000c\000i\000t\000a\000u\000i\000t\000.\000\040\000P\000E\000R\000\040\000P\000R\000A\000E\000C\000E\000P\000T\000V\000M\000.\000\040\000S\000c\000i\000l\000i\000c\000e\000t\000,\000\040\000i\000l\000l\000u\000d\000:\000\040\000N\000o\000n\000\040\000c\000o\000n\000c\000u\000p\000i\000s\000c\000e\000s\000.\000\040}{section.5}% 381
\BOOKMARK [2][-]{section*.377}{\376\377\000O\000m\000n\000e\000m\000\040\000c\000o\000n\000c\000u\000p\000i\000s\000c\000e\000n\000t\000i\000a\000m\000.\000\040}{section.5}% 382
\BOOKMARK [2][-]{section*.378}{\376\377\000S\000i\000q\000u\000i\000d\000e\000m\000\040\000a\000b\000s\000q\000u\000e\000\040\000l\000e\000g\000e\000.\000\040}{section.5}% 383
\BOOKMARK [2][-]{section*.379}{\376\377\000P\000e\000c\000c\000a\000t\000u\000m\000\040\000e\000r\000a\000t\000\040\000m\000o\000r\000t\000u\000u\000m\000.\000\040}{section.5}% 384
\BOOKMARK [2][-]{section*.380}{\376\377\000E\000g\000o\000\040\000a\000u\000t\000e\000m\000\040\000u\000i\000u\000e\000b\000a\000m\000\040\000l\000i\000n\000e\000\040\000l\000e\000g\000e\000\040\000q\000u\000o\000n\000d\000a\000m\000.\000\040}{section.5}% 385
\BOOKMARK [2][-]{section*.381}{\376\377\000R\000e\000u\000i\000x\000i\000t\000\040\000p\000e\000c\000c\000a\000t\000u\000m\000.\000\040}{section.5}% 386
\BOOKMARK [2][-]{section*.382}{\376\377\000E\000g\000o\000\040\000u\000e\000r\000o\000\040\000m\000o\000r\000t\000u\000u\000s\000\040\000s\000u\000m\000.\000\040}{section.5}% 387
\BOOKMARK [2][-]{section*.383}{\376\377\000E\000t\000\040\000r\000e\000p\000e\000r\000t\000u\000m\000\040\000e\000s\000t\000\040\000m\000a\000n\000d\000a\000t\000u\000m\000,\000\040\000q\000u\000o\000d\000\040\000i\000n\000s\000t\000i\000t\000u\000t\000u\000m\000\040\000e\000r\000a\000t\000\040\000a\000d\000\040\000u\000i\000t\000a\000m\000\040\000,\000\040\000m\000i\000h\000i\000\040\000c\000e\000d\000e\000r\000e\000\040\000a\000d\000\040\000m\000o\000r\000t\000e\000m\000.\000\040}{section.5}% 388
\BOOKMARK [2][-]{section*.384}{\376\377\000N\000a\000m\000\040\000p\000e\000c\000c\000a\000t\000u\000m\000.\000\040}{section.5}% 389
\BOOKMARK [2][-]{section*.385}{\376\377\000P\000e\000r\000\040\000p\000r\000a\000e\000c\000e\000p\000t\000u\000m\000.\000\040\000I\000d\000\040\000e\000s\000t\000,\000\040\000l\000e\000g\000e\000m\000\040\000i\000n\000\040\000c\000o\000r\000d\000e\000\040\000r\000e\000u\000e\000l\000a\000t\000a\000m\000.\000\040}{section.5}% 390
\BOOKMARK [2][-]{section*.386}{\376\377\000D\000e\000c\000e\000p\000i\000t\000\040\000m\000e\000.\000\040}{section.5}% 391
\BOOKMARK [2][-]{section*.387}{\376\377\000E\000t\000\040\000p\000e\000r\000\040\000i\000l\000l\000u\000d\000.\000\040}{section.5}% 392
\BOOKMARK [2][-]{section*.388}{\376\377\000I\000t\000a\000q\000u\000e\000\040\000l\000e\000x\000\040\000s\000a\000n\000c\000t\000a\000.\000\040}{section.5}% 393
\BOOKMARK [2][-]{section*.389}{\376\377\000E\000r\000g\000o\000\040\000q\000u\000o\000d\000\040\000b\000o\000n\000u\000m\000.\000\040}{section.5}% 394
\BOOKMARK [2][-]{section*.390}{\376\377\000A\000b\000s\000i\000t\000.\000\040}{section.5}% 395
\BOOKMARK [2][-]{section*.391}{\376\377\000I\000m\000o\000\040\000p\000e\000c\000c\000a\000t\000u\000m\000.\000\040}{section.5}% 396
\BOOKMARK [2][-]{section*.392}{\376\377\000S\000c\000i\000m\000u\000s\000\040\000q\000u\000o\000d\000\040\000l\000e\000x\000\040\000s\000p\000i\000r\000i\000t\000u\000a\000l\000i\000s\000\040\000e\000s\000t\000.\000\040}{section.5}% 397
\BOOKMARK [2][-]{section*.393}{\376\377\000A\000t\000\040\000e\000g\000o\000\040\000c\000a\000r\000n\000a\000l\000i\000s\000\040\000s\000u\000m\000.\000\040}{section.5}% 398
\BOOKMARK [2][-]{section*.394}{\376\377\000V\000e\000n\000d\000i\000t\000u\000s\000\040\000s\000u\000b\000\040\000p\000e\000c\000c\000a\000t\000u\000m\000.\000\040}{section.5}% 399
\BOOKMARK [2][-]{section*.395}{\376\377\000Q\000u\000o\000d\000\040\000e\000n\000i\000m\000\040\000a\000g\000o\000,\000\040\000n\000o\000n\000\040\000p\000r\000o\000b\000o\000.\000\040}{section.5}% 400
\BOOKMARK [2][-]{section*.396}{\376\377\000N\000o\000n\000\040\000e\000n\000i\000m\000\040\000q\000u\000o\000d\000\040\000u\000o\000l\000o\000.\000\040}{section.5}% 401
\BOOKMARK [2][-]{section*.397}{\376\377\000Q\000u\000o\000d\000\040\000o\000d\000i\000.\000\040}{section.5}% 402
\BOOKMARK [2][-]{section*.398}{\376\377\000S\000i\000\040\000u\000e\000r\000o\000\040\000q\000u\000o\000d\000\040\000n\000o\000n\000\040\000u\000o\000l\000o\000.\000\040}{section.5}% 403
\BOOKMARK [2][-]{section*.399}{\376\377\000N\000u\000n\000c\000\040\000a\000u\000t\000e\000m\000\040\000n\000o\000n\000\040\000i\000a\000m\000\040\000e\000g\000o\000\040\000p\000e\000r}{section.5}% 404
\BOOKMARK [2][-]{section*.400}{\376\377\000p\000e\000t\000r\000o\000\040\000i\000l\000l\000u\000d\000.\000\040}{section.5}% 405
\BOOKMARK [2][-]{section*.401}{\376\377\000S\000e\000d\000\040\000i\000n\000h\000a\000b\000i\000t\000a\000n\000s\000\040\000i\000n\000\040\000m\000e\000\040\000p\000e\000c\000c\000a\000t\000u\000m\000.\000\040}{section.5}% 406
\BOOKMARK [2][-]{section*.402}{\376\377\000N\000o\000u\000i\000.\000\040}{section.5}% 407
\BOOKMARK [2][-]{section*.403}{\376\377\000Q\000u\000o\000d\000\040\000n\000o\000n\000\040\000h\000a\000b\000i\000t\000e\000t\000\040\000i\000n\000\040\000m\000e\000,\000\040\000h\000o\000c\000\040\000e\000s\000t\000,\000\040\000i\000n\000\040\000c\000a\000r\000n\000e\000.\000\040}{section.5}% 408
\BOOKMARK [2][-]{section*.404}{\376\377\000N\000a\000m\000\040\000u\000e\000l\000l\000e\000\040\000a\000d\000e\000s\000t\000\040\000m\000i\000h\000i\000.\000\040}{section.5}% 409
\BOOKMARK [2][-]{section*.405}{\376\377\000A\000t\000\040\000u\000t\000\040\000f\000a\000c\000i\000a\000m\000\040\000b\000o\000n\000u\000m\000\040\000n\000o\000n\000\040\000r\000e\000p\000e\000r\000i\000o\000.\000\040}{section.5}% 410
\BOOKMARK [2][-]{section*.406}{\376\377\000S\000e\000d\000\040\000q\000u\000o\000d\000\040\000n\000o\000n\000\040\000u\000o\000l\000o\000,\000\040\000m\000a\000l\000u\000m\000.\000\040}{section.5}% 411
\BOOKMARK [2][-]{section*.407}{\376\377\000R\000e\000p\000e\000r\000i\000o\000\040\000i\000g\000i\000t\000u\000r\000.\000\040}{section.5}% 412
\BOOKMARK [2][-]{section*.408}{\376\377\000D\000e\000l\000e\000c\000t\000a\000t\000\040\000m\000e\000\040\000l\000e\000x\000.\000\040}{section.5}% 413
\BOOKMARK [2][-]{section*.409}{\376\377\000S\000e\000d\000\040\000u\000i\000d\000e\000o\000\040\000a\000l\000i\000a\000m\000\040\000l\000e\000g\000e\000m\000.\000\040}{section.5}% 414
\BOOKMARK [2][-]{section*.410}{\376\377\000M\000i\000s\000e\000r\000\040\000e\000g\000o\000\040\000h\000o\000m\000o\000.\000\040}{section.5}% 415
\BOOKMARK [2][-]{section*.411}{\376\377\000G\000r\000a\000t\000i\000a\000s\000\040\000a\000g\000o\000\040\000D\000e\000o\000.\000\040}{section.5}% 416
\BOOKMARK [1][-]{section.6}{\376\377\000C\000A\000P\000.\000V\000I\000I\000I\000.}{}% 417
\BOOKMARK [2][-]{section*.412}{\376\377\000N\000u\000l\000l\000a\000\040\000i\000g\000i\000t\000u\000r\000\040\000n\000u\000n\000c\000\040\000e\000s\000t\000\040\000c\000o\000n\000d\000e\000m\000n\000a\000t\000i\000o\000.\000\040}{section.6}% 418
\BOOKMARK [2][-]{section*.413}{\376\377\000H\000i\000s\000\040\000q\000u\000i\000\040\000i\000n\000s\000i\000t\000i\000\040\000s\000u\000n\000t\000\040\000C\000h\000r\000i\000s\000t\000o\000.\000\040}{section.6}% 419
\BOOKMARK [2][-]{section*.414}{\376\377\000Q\000u\000i\000\040\000n\000o\000n\000\040\000i\000u\000x\000t\000a\000\040\000c\000a\000r\000n\000e\000m\000\040\000a\000m\000b\000u\000l\000a\000n\000t\000,\000\040}{section.6}% 420
\BOOKMARK [2][-]{section*.415}{\376\377\000l\000u\000x\000t\000a\000\040\000s\000p\000i\000r\000i\000t\000u\000m\000\040\000:\000\040}{section.6}% 421
\BOOKMARK [2][-]{section*.416}{\376\377\000N\000a\000m\000\040\000l\000e\000x\000,\000\040\000s\000p\000i\000r\000i\000t\000u\000s\000\040\000u\000i\000t\000a\000e\000.\000\040}{section.6}% 422
\BOOKMARK [2][-]{section*.417}{\376\377\000E\000t\000e\000n\000i\000m\000\040\000q\000u\000o\000d\000\040\000l\000e\000x\000.\000\040}{section.6}% 423
\BOOKMARK [2][-]{section*.418}{\376\377\000Q\000u\000i\000a\000\040\000i\000m\000b\000e\000c\000i\000l\000l\000i\000s\000\040\000e\000r\000a\000t\000.\000\040}{section.6}% 424
\BOOKMARK [2][-]{section*.419}{\376\377\000S\000u\000b\000\040\000s\000p\000e\000c\000i\000e\000\040\000c\000a\000r\000n\000i\000s\000.\000\040}{section.6}% 425
\BOOKMARK [2][-]{section*.420}{\376\377\000A\000r\000\040\000d\000e\000\040\000p\000e\000c\000c\000a\000t\000o\000.\000\040}{section.6}% 426
\BOOKMARK [2][-]{section*.421}{\376\377\000S\000c\000i\000l\000i\000c\000e\000t\000,\000\040\000q\000u\000o\000d\000\040\000i\000p\000s\000e\000\040\000f\000a\000c\000t\000u\000s\000\040\000e\000s\000t\000\040\000p\000r\000o\000\040\000n\000o\000b\000i\000s\000\040\000.\000\040\0002\000.\000\040\000C\000o\000r\000i\000n\000t\000h\000.\000\040\0005\000.\000\040}{section.6}% 427
\BOOKMARK [2][-]{section*.422}{\376\377\000N\000o\000n\000\040\000f\000a\000c\000t\000u\000s\000\040\000e\000s\000t\000\040\000p\000e\000c\000c\000a\000t\000o\000r\000.\000\040}{section.6}% 428
\BOOKMARK [2][-]{section*.423}{\376\377\000V\000t\000\040\000i\000u\000s\000t\000i\000f\000i\000c\000a\000t\000i\000o\000\040\000l\000e\000g\000i\000s\000\040\000i\000m\000p\000l\000e\000r\000e\000t\000u\000r\000\040\000i\000n\000\040\000n\000o\000b\000i\000s\000.\000\040}{section.6}% 429
\BOOKMARK [2][-]{section*.424}{\376\377\000Q\000u\000i\000\040\000n\000o\000n\000\040\000s\000e\000c\000u\000n\000d\000u\000m\000\040\000c\000a\000r\000n\000e\000m\000.\000\040}{section.6}% 430
\BOOKMARK [2][-]{section*.425}{\376\377\000N\000a\000m\000\040\000q\000u\000i\000\040\000c\000a\000r\000n\000a\000l\000e\000s\000\040\000s\000u\000n\000t\000.\000\040}{section.6}% 431
\BOOKMARK [2][-]{section*.426}{\376\377\000A\000t\000\040\000q\000u\000i\000\040\000s\000p\000i\000r\000i\000t\000u\000a\000l\000e\000s\000\040\000s\000u\000n\000t\000.\000\040}{section.6}% 432
\BOOKMARK [2][-]{section*.427}{\376\377\000N\000a\000m\000\040\000a\000d\000f\000e\000c\000t\000u\000s\000\040\000c\000a\000r\000n\000i\000s\000,\000\040\000m\000o\000r\000s\000\040\000e\000s\000t\000.\000\040}{section.6}% 433
\BOOKMARK [2][-]{section*.428}{\376\377\000A\000d\000f\000e\000c\000t\000u\000s\000\040\000u\000e\000r\000o\000\040\000s\000p\000i\000r\000i\000t\000u\000s\000,\000\040\000u\000i\000t\000a\000.\000\040}{section.6}% 434
\BOOKMARK [2][-]{section*.429}{\376\377\000P\000r\000o\000p\000t\000e\000r\000e\000a\000\040\000q\000u\000o\000d\000\040\000a\000d\000f\000e\000c\000t\000u\000s\000\040\000c\000a\000r\000n\000i\000s\000.\000\040}{section.6}% 435
\BOOKMARK [2][-]{section*.430}{\376\377\000N\000a\000m\000\040\000l\000e\000g\000i\000\040\000D\000e\000i\000\040\000n\000o\000n\000\040\000s\000u\000b\000d\000i\000t\000u\000r\000,\000\040\000n\000e\000q\000u\000e\000\040\000e\000n\000i\000m\000\040\000p\000o\000t\000e\000s\000t\000.\000\040}{section.6}% 436
\BOOKMARK [2][-]{section*.431}{\376\377\000D\000e\000b\000i\000t\000o\000r\000e\000s\000\040\000s\000u\000m\000u\000s\000,\000\040\000n\000o\000n\000\040\000c\000a\000r\000n\000i\000.\000\040}{section.6}% 437
\BOOKMARK [2][-]{section*.432}{\376\377\000M\000o\000r\000i\000e\000m\000i\000n\000i\000.\000\040}{section.6}% 438
\BOOKMARK [2][-]{section*.433}{\376\377\000Q\000u\000o\000d\000\040\000s\000i\000\040\000s\000p\000i\000r\000i\000t\000u\000.\000\040}{section.6}% 439
\BOOKMARK [2][-]{section*.434}{\376\377\000V\000i\000u\000e\000t\000i\000s\000.\000\040}{section.6}% 440
\BOOKMARK [2][-]{section*.435}{\376\377\000E\000t\000e\000n\000i\000m\000\040\000q\000u\000i\000c\000u\000n\000q\000u\000e\000\040\000s\000p\000i\000r\000i\000t\000u\000\040\000D\000e\000i\000\040\000d\000u\000c\000u\000n\000t\000u\000r\000.\000\040}{section.6}% 441
\BOOKMARK [2][-]{section*.436}{\376\377\000S\000p\000i\000r\000i\000t\000u\000\040\000D\000e\000i\000.\000\040}{section.6}% 442
\BOOKMARK [2][-]{section*.437}{\376\377\000H\000i\000\040\000s\000u\000n\000t\000\040\000f\000i\000l\000i\000i\000\040\000D\000e\000i\000.\000\040}{section.6}% 443
\BOOKMARK [2][-]{section*.438}{\376\377\000N\000o\000n\000\040\000e\000n\000i\000m\000\040\000a\000c\000c\000e\000p\000i\000s\000t\000i\000s\000\040\000s\000p\000i\000r\000i\000t\000u\000m\000\040\000s\000e\000r\000u\000i\000t\000u\000t\000i\000s\000.\000\040}{section.6}% 444
\BOOKMARK [2][-]{section*.439}{\376\377\000S\000p\000i\000r\000i\000t\000u\000\040\000D\000e\000i\000.\000\040}{section.6}% 445
\BOOKMARK [2][-]{section*.440}{\376\377\000H\000i\000\040\000s\000u\000n\000t\000\040\000f\000i\000l\000i\000i\000\040\000D\000e\000i\000.\000\040}{section.6}% 446
\BOOKMARK [2][-]{section*.441}{\376\377\000N\000o\000n\000\040\000e\000n\000i\000m\000\040\000a\000c\000c\000e\000p\000i\000s\000t\000i\000s\000\040\000s\000p\000i\000r\000i\000t\000u\000m\000\040\000s\000e\000r\000u\000i\000t\000u\000t\000i\000s\000.\000\040}{section.6}% 447
\BOOKMARK [2][-]{section*.442}{\376\377\000S\000e\000d\000\040\000a\000c\000c\000e\000p\000i\000s\000t\000i\000s\000\040\000s\000p\000i\000r\000i\000t\000u\000m\000\040\000a\000d\000o\000p\000t\000i\000o\000n\000i\000s\000.\000\040}{section.6}% 448
\BOOKMARK [2][-]{section*.443}{\376\377\000C\000l\000a\000m\000a\000m\000u\000s\000.\000\040}{section.6}% 449
\BOOKMARK [2][-]{section*.444}{\376\377\000A\000b\000b\000a\000\040\000p\000a\000t\000e\000r\000.\000\040}{section.6}% 450
\BOOKMARK [2][-]{section*.445}{\376\377\000I\000d\000e\000m\000\040\000s\000p\000i\000r\000i\000t\000u\000s\000\040\000t\000e\000s\000t\000a\000t\000u\000r\000.\000\040}{section.6}% 451
\BOOKMARK [2][-]{section*.446}{\376\377\000S\000i\000q\000u\000i\000d\000e\000m\000\040\000s\000i\000m\000u\000l\000.\000\040}{section.6}% 452
\BOOKMARK [2][-]{section*.447}{\376\377\000N\000a\000m\000\040\000r\000e\000p\000u\000t\000o\000.\000\040}{section.6}% 453
\BOOKMARK [2][-]{section*.448}{\376\377\000E\000t\000e\000n\000i\000m\000\040\000s\000o\000l\000i\000c\000i\000t\000a\000.\000\040}{section.6}% 454
\BOOKMARK [2][-]{section*.449}{\376\377\000N\000o\000n\000\040\000u\000o\000l\000e\000n\000s\000.\000\040}{section.6}% 455
\BOOKMARK [2][-]{section*.450}{\376\377\000P\000r\000o\000p\000t\000e\000r\000\040\000e\000u\000m\000:\000\040}{section.6}% 456
\BOOKMARK [2][-]{section*.451}{\376\377\000S\000c\000i\000l\000i\000c\000e\000t\000,\000\040\000D\000e\000u\000m\000.\000\040}{section.6}% 457
\BOOKMARK [2][-]{section*.452}{\376\377\000Q\000u\000i\000\040\000s\000u\000b\000i\000e\000c\000i\000t\000\040\000i\000l\000l\000a\000m\000\040\000s\000u\000b\000\040\000s\000p\000e\000.\000\040}{section.6}% 458
\BOOKMARK [2][-]{section*.453}{\376\377\000Q\000u\000o\000n\000i\000a\000m\000\040\000e\000t\000\040\000i\000p\000s\000a\000\040\000c\000r\000e\000a\000t\000u\000r\000a\000\040\000l\000i\000b\000e\000r\000a\000b\000i\000t\000u\000r\000\040\000a\000\040\000s\000e\000r\000u\000i\000t\000u\000t\000e\000\040\000c\000o\000r\000r\000u\000p\000t\000i\000o\000n\000i\000s\000,\000\040\000i\000n\000\040\000l\000i\000b\000e\000r\000t\000a\000t\000e\000m\000\040\000g\000l\000o\000r\000i\000a\000e\000\040\000f\000i\000l\000i\000o\000r\000u\000m\000\040\000D\000e\000i\000.\000\040}{section.6}% 459
\BOOKMARK [2][-]{section*.454}{\376\377\000S\000c\000i\000m\000u\000s\000\040\000e\000n\000i\000,\000\040\000q\000u\000o\000d\000\040\000o\000m\000n\000i\000s\000\040\000c\000r\000e\000a\000t\000u\000r\000a\000,\000\040}{section.6}% 460
\BOOKMARK [2][-]{section*.455}{\376\377\000C\000o\000n\000g\000e\000m\000i\000s\000c\000i\000t\000.\000\040}{section.6}% 461
\BOOKMARK [2][-]{section*.456}{\376\377\000G\000e\000m\000i\000t\000\040\000n\000o\000b\000i\000s\000c\000u\000m\000,\000\040\000e\000t\000\040\000c\000u\000p\000i\000t\000\040\000l\000i\000b\000e\000r\000a\000r\000i\000\040\000a\000\040\000s\000e\000r\000u\000i\000t\000u\000t\000e\000.\000\040}{section.6}% 462
\BOOKMARK [2][-]{section*.457}{\376\377\000D\000i\000m\000u\000l\000q\000u\000e\000\040\000n\000o\000b\000i\000s\000c\000u\000m\000\040\000p\000a\000r\000t\000u\000r\000i\000t\000.\000\040}{section.6}% 463
\BOOKMARK [2][-]{section*.458}{\376\377\000C\000O\000M\000M\000E\000N\000T\000.\000\040\000P\000O\000M\000E\000R\000.\000\040\000V\000l\000q\000u\000e\000\040\000a\000d\000\040\000h\000o\000c\000\040\000t\000e\000m\000p\000u\000s\000.\000\040}{section.6}% 464
\BOOKMARK [2][-]{section*.459}{\376\377\000N\000o\000n\000\040\000s\000o\000l\000u\000m\000\040\000a\000u\000t\000e\000m\000\040\000i\000l\000l\000a\000.\000\040}{section.6}% 465
\BOOKMARK [2][-]{section*.460}{\376\377\000Q\000u\000i\000\040\000p\000r\000i\000m\000i\000t\000i\000a\000s\000\040\000s\000p\000i\000r\000i\000t\000u\000s\000\040\000h\000a\000b\000e\000m\000u\000s\000.\000\040}{section.6}% 466
\BOOKMARK [2][-]{section*.461}{\376\377\000E\000t\000\040\000n\000o\000s\000\040\000i\000p\000s\000i\000\040\000i\000n\000\040\000n\000o\000b\000i\000s\000\040\000i\000p\000s\000i\000s\000\040\000g\000e\000m\000i\000m\000u\000s\000.\000\040}{section.6}% 467
\BOOKMARK [2][-]{section*.462}{\376\377\000A\000d\000o\000p\000t\000i\000o\000n\000e\000m\000\040\000f\000i\000l\000i\000o\000r\000u\000m\000\040\000e\000x\000p\000e\000c\000t\000a\000n\000t\000e\000s\000.\000\040}{section.6}% 468
\BOOKMARK [2][-]{section*.463}{\376\377\000R\000e\000d\000e\000m\000p\000t\000i\000o\000n\000e\000m\000\040\000c\000o\000r\000p\000o\000r\000i\000s\000\040\000n\000o\000s\000t\000r\000i\000.\000\040}{section.6}% 469
\BOOKMARK [2][-]{section*.464}{\376\377\000S\000i\000q\000u\000i\000d\000e\000m\000\040\000s\000p\000e\000\040\000s\000e\000r\000u\000a\000t\000i\000\040\000s\000u\000m\000u\000s\000.\000\040}{section.6}% 470
\BOOKMARK [2][-]{section*.465}{\376\377\000P\000o\000r\000r\000o\000\040\000s\000p\000e\000s\000.\000\040}{section.6}% 471
\BOOKMARK [2][-]{section*.466}{\376\377\000S\000p\000e\000r\000a\000m\000u\000s\000,\000\040\000i\000d\000\040\000p\000e\000r\000\040\000p\000a\000t\000i\000e\000n\000t\000i\000a\000m\000\040\000e\000x\000p\000e\000c\000t\000a\000m\000u\000s\000.\000\040}{section.6}% 472
\BOOKMARK [2][-]{section*.467}{\376\377\000C\000o\000n\000s\000i\000m\000i\000l\000i\000t\000e\000r\000\040\000a\000u\000t\000e\000m\000\040\000e\000t\000\040\000s\000p\000i\000r\000i\000t\000u\000s\000\040\000a\000u\000x\000i\000l\000i\000a\000t\000u\000r\000\040\000i\000n\000f\000i\000r\000m\000i\000t\000a\000t\000i\000b\000u\000s\000\040\000n\000o\000s\000t\000r\000i\000s\000.\000\040}{section.6}% 473
\BOOKMARK [2][-]{section*.468}{\376\377\000S\000i\000q\000u\000i\000d\000e\000m\000\040\000h\000o\000c\000\040\000i\000p\000s\000u\000m\000\040\000q\000u\000o\000d\000\040\000e\000t\000c\000.\000\040}{section.6}% 474
\BOOKMARK [2][-]{section*.469}{\376\377\000A\000t\000\040\000i\000l\000l\000e\000\040\000q\000u\000i\000\040\000s\000c\000r\000u\000t\000a\000t\000u\000r\000.\000\040}{section.6}% 475
\BOOKMARK [2][-]{section*.470}{\376\377\000I\000n\000t\000e\000r\000c\000e\000d\000i\000t\000\040\000p\000r\000o\000\040\000s\000a\000n\000c\000t\000i\000s\000.\000\040}{section.6}% 476
\BOOKMARK [2][-]{section*.471}{\376\377\000S\000c\000i\000m\000u\000s\000\040\000a\000u\000t\000e\000m\000,\000\040\000q\000u\000o\000d\000\040\000h\000i\000s\000.\000\040}{section.6}% 477
\BOOKMARK [2][-]{section*.472}{\376\377\000Q\000u\000i\000\040\000d\000i\000l\000i\000g\000u\000n\000t\000.\000\040}{section.6}% 478
\BOOKMARK [2][-]{section*.473}{\376\377\000N\000i\000m\000i\000r\000u\000m\000\040\000h\000i\000s\000,\000\040\000q\000u\000i\000\040\000i\000u\000x\000t\000a\000\040\000p\000r\000o\000p\000o\000\040\000s\000i\000t\000u\000m\000\040\000u\000o\000c\000a\000t\000i\000\040\000s\000u\000n\000t\000.\000\040}{section.6}% 479
\BOOKMARK [2][-]{section*.474}{\376\377\000Q\000u\000o\000n\000i\000a\000m\000\040\000q\000u\000o\000s\000\040\000p\000r\000a\000e\000s\000c\000i\000u\000e\000r\000a\000t\000.\000\040}{section.6}% 480
\BOOKMARK [2][-]{section*.475}{\376\377\000V\000t\000\040\000i\000p\000s\000e\000\040\000s\000i\000t\000\040\000p\000r\000i\000m\000o\000g\000e\000n\000i\000t\000u\000s\000.\000\040}{section.6}% 481
\BOOKMARK [2][-]{section*.476}{\376\377\000P\000o\000r\000r\000o\000,\000\040\000q\000u\000o\000s\000\040\000p\000r\000a\000e\000d\000e\000f\000i\000n\000i\000e\000r\000a\000t\000.\000\040}{section.6}% 482
\BOOKMARK [2][-]{section*.477}{\376\377\000E\000o\000s\000d\000e\000m\000\040\000e\000t\000\040\000u\000o\000c\000a\000u\000i\000t\000.\000\040}{section.6}% 483
\BOOKMARK [2][-]{section*.478}{\376\377\000E\000t\000\040\000q\000u\000o\000s\000\040\000u\000o\000c\000a\000u\000i\000t\000.\000\040}{section.6}% 484
\BOOKMARK [2][-]{section*.479}{\376\377\000L\000o\000s\000\040\000e\000t\000\040\000i\000u\000s\000t\000i\000f\000i\000c\000a\000u\000i\000t\000.\000\040}{section.6}% 485
\BOOKMARK [2][-]{section*.480}{\376\377\000Q\000u\000o\000s\000\040\000i\000u\000s\000t\000i\000f\000i\000c\000a\000u\000i\000t\000,\000\040\000h\000o\000s\000\040\000e\000t\000\040\000g\000l\000o\000r\000i\000f\000i\000.\000\040}{section.6}% 486
\BOOKMARK [2][-]{section*.481}{\376\377\000Q\000u\000i\000d\000\040\000i\000g\000i\000t\000u\000r\000\040\000d\000i\000c\000e\000m\000u\000s\000?\000\040}{section.6}% 487
\BOOKMARK [2][-]{section*.482}{\376\377\000Q\000u\000i\000\040\000p\000r\000o\000p\000r\000i\000o\000\040\000f\000i\000l\000i\000o\000\040\000n\000o\000n\000\040\000p\000e\000p\000e\000r\000c\000i\000t\000.\000\040}{section.6}% 488
\BOOKMARK [2][-]{section*.483}{\376\377\000Q\000u\000i\000\040\000f\000i\000e\000r\000i\000\040\000p\000o\000t\000e\000s\000t\000?\000\040}{section.6}% 489
\BOOKMARK [2][-]{section*.484}{\376\377\000Q\000u\000i\000s\000\040\000i\000n\000t\000e\000n\000t\000a\000b\000i\000t\000.\000\040}{section.6}% 490
\BOOKMARK [2][-]{section*.485}{\376\377\000D\000e\000u\000s\000\040\000e\000s\000t\000\040\000q\000u\000i\000\040\000i\000u\000s\000t\000i\000f\000i\000c\000a\000t\000.\000\040}{section.6}% 491
\BOOKMARK [2][-]{section*.486}{\376\377\000Q\000u\000i\000s\000\040\000i\000l\000l\000e\000,\000\040\000q\000u\000i\000\040\000c\000o\000n\000d\000e\000m\000n\000e\000t\000?\000\040}{section.6}% 492
\BOOKMARK [2][-]{section*.487}{\376\377\000N\000e\000m\000o\000\040\000.\000\040\000E\000c\000c\000e\000\040\000h\000i\000c\000\040}{section.6}% 493
\BOOKMARK [2][-]{section*.488}{\376\377\000C\000h\000r\000i\000s\000t\000u\000s\000\040\000e\000s\000t\000,\000\040\000q\000u\000i\000\040\000m\000o\000r\000t\000u\000u\000s\000\040\000e\000s\000t\000,\000\040}{section.6}% 494
\BOOKMARK [2][-]{section*.489}{\376\377\000Q\000u\000i\000s\000\040\000n\000o\000s\000\040\000s\000e\000p\000a\000r\000a\000b\000i\000t\000\040\000a\000\040\000d\000i\000l\000e\000c\000t\000i\000o\000n\000e\000\040\000D\000e\000i\000?\000\040}{section.6}% 495
\BOOKMARK [2][-]{section*.490}{\376\377\000N\000u\000m\000\040\000a\000d\000f\000l\000i\000c\000t\000i\000o\000.\000\040}{section.6}% 496
\BOOKMARK [2][-]{section*.491}{\376\377\000N\000u\000m\000\040\000g\000l\000a\000d\000i\000u\000s\000?\000\040}{section.6}% 497
\BOOKMARK [2][-]{section*.492}{\376\377\000P\000r\000o\000p\000t\000e\000r\000\040\000t\000e\000,\000\040}{section.6}% 498
\BOOKMARK [2][-]{section*.493}{\376\377\000H\000a\000b\000i\000t\000i\000\040\000s\000u\000m\000u\000s\000\040\000u\000e\000l\000u\000t\000\040\000o\000u\000e\000s\000\040\000d\000e\000s\000t\000i\000\040\000n\000a\000t\000a\000e\000\040\000m\000a\000c\000t\000a\000t\000i\000o\000n\000i\000.\000\040}{section.6}% 499
\BOOKMARK [2][-]{section*.494}{\376\377\000V\000e\000r\000u\000m\000\040\000i\000n\000\040\000o\000m\000n\000i\000b\000u\000s\000\040\000h\000i\000s\000\040\000s\000u\000p\000e\000r\000a\000m\000u\000s\000\040}{section.6}% 500
\BOOKMARK [2][-]{section*.495}{\376\377\000N\000a\000m\000\040\000m\000i\000h\000i\000\040\000p\000e\000r\000s\000u\000a\000s\000u\000m\000\040\000h\000a\000b\000e\000o\000.\000\040\000I\000d\000\040\000e\000s\000t\000,\000\040\000c\000e\000r\000t\000u\000s\000\040\000s\000u\000m\000,\000\040\000s\000i\000u\000e\000\040\000u\000i\000u\000a\000m\000,\000\040\000s\000i\000u\000e\000\040\000m\000o\000r\000i\000a\000r}{section.6}% 501
\BOOKMARK [2][-]{section*.496}{\376\377\000Q\000u\000o\000d\000\040\000n\000e\000q\000u\000e\000\040\000m\000o\000r\000s\000,\000\040\000n\000e\000q\000u\000e\000\040\000a\000n\000g\000e\000l\000i\000.\000\040}{section.6}% 502
\BOOKMARK [2][-]{section*.497}{\376\377\000P\000r\000i\000n\000c\000i\000p\000a\000t\000u\000s\000.\000\040}{section.6}% 503
\BOOKMARK [2][-]{section*.498}{\376\377\000P\000o\000t\000e\000s\000t\000a\000t\000e\000s\000.\000\040}{section.6}% 504
\BOOKMARK [2][-]{section*.499}{\376\377\000N\000e\000q\000u\000e\000\040\000i\000n\000s\000t\000a\000n\000t\000i\000a\000.\000\040}{section.6}% 505
\BOOKMARK [2][-]{section*.500}{\376\377\000N\000e\000q\000u\000e\000\040\000f\000u\000t\000u\000r\000a\000.\000\040}{section.6}% 506
\BOOKMARK [2][-]{section*.501}{\376\377\000N\000e\000q\000u\000e\000\040\000a\000l\000t\000i\000t\000u\000d\000o\000,\000\040\000n\000e\000q\000u\000e\000\040\000p\000r\000o\000f\000u\000n\000d\000i\000t\000a\000s\000.\000\040}{section.6}% 507
\BOOKMARK [2][-]{section*.502}{\376\377\000A\000\040\000d\000i\000l\000e\000c\000t\000i\000o\000n\000e\000.\000\040}{section.6}% 508
\BOOKMARK [2][-]{section*.503}{}{section.6}% 509
\BOOKMARK [2][-]{section*.504}{\376\377\000V\000e\000r\000i\000t\000a\000t\000e\000m\000\040\000d\000i\000c\000o\000.\000\040}{section.6}% 510
\BOOKMARK [2][-]{section*.505}{\376\377\000C\000O\000M\000M\000E\000N\000T\000.\000\040\000P\000O\000M\000E\000R\000.\000\040\000A\000t\000t\000e\000s\000t\000a\000n\000t\000e\000\040\000c\000o\000n\000s\000c\000i\000e\000n\000t\000i\000a\000.\000\040}{section.6}% 511
\BOOKMARK [2][-]{section*.506}{\376\377\000Q\000u\000o\000d\000\040\000d\000o\000l\000o\000r\000\040\000m\000a\000g\000n\000u\000s\000.\000\040}{section.6}% 512
\BOOKMARK [2][-]{section*.507}{\376\377\000O\000p\000t\000a\000r\000i\000m\000\040\000e\000n\000i\000m\000\040\000A\000n\000a\000t\000h\000e\000m\000a\000\040\000e\000s\000s\000e\000.\000\040}{section.6}% 513
\BOOKMARK [2][-]{section*.508}{\376\377\000Q\000u\000i\000\040\000s\000u\000n\000t\000\040\000I\000s\000r\000a\000e\000l\000i\000t\000a\000e\000.\000\040}{section.6}% 514
\BOOKMARK [2][-]{section*.509}{\376\377\000Q\000u\000o\000r\000u\000m\000\040\000e\000s\000t\000\040\000a\000d\000o\000p\000t\000i\000o\000.\000\040}{section.6}% 515
\BOOKMARK [2][-]{section*.510}{\376\377\000E\000t\000\040\000g\000l\000o\000r\000i\000a\000.\000\040}{section.6}% 516
\BOOKMARK [2][-]{section*.511}{\376\377\000E\000t\000\040\000t\000e\000s\000t\000a\000m\000e\000n\000t\000a\000.\000\040}{section.6}% 517
\BOOKMARK [2][-]{section*.512}{\376\377\000E\000t\000\040\000c\000u\000l\000t\000u\000s\000,\000\040}{section.6}% 518
\BOOKMARK [2][-]{section*.513}{\376\377\000E\000t\000\040\000p\000r\000o\000m\000i\000s\000s\000i\000o\000n\000e\000s\000.\000\040}{section.6}% 519
\BOOKMARK [2][-]{section*.514}{\376\377\000E\000t\000\040\000i\000i\000,\000\040\000e\000x\000\040\000q\000u\000i\000b\000u\000s\000\040\000C\000h\000r\000i\000s\000t\000u\000s\000\040\000e\000s\000t\000.\000\040}{section.6}% 520
\BOOKMARK [2][-]{section*.515}{\376\377\000Q\000u\000o\000r\000u\000m\000\040\000s\000u\000n\000t\000\040\000p\000a\000t\000r\000e\000s\000.\000\040}{section.6}% 521
\BOOKMARK [2][-]{section*.516}{\376\377\000N\000o\000n\000\040\000a\000u\000t\000e\000m\000\040\000h\000o\000c\000\040\000l\000o\000q\000u\000o\000r\000.\000\040}{section.6}% 522
\BOOKMARK [2][-]{section*.517}{\376\377\000N\000o\000n\000\040\000e\000n\000i\000m\000\040\000o\000m\000n\000e\000s\000,\000\040\000q\000u\000i\000\040\000s\000u\000n\000t\000\040\000e\000x\000l\000s\000r\000a\000e\000l\000.\000\040}{section.6}% 523
\BOOKMARK [2][-]{section*.518}{\376\377\000S\000e\000d\000\040\000q\000u\000i\000\040\000s\000u\000n\000t\000\040\000f\000i\000l\000i\000i\000\040\000p\000r\000o\000m\000i\000i\000s\000i\000o\000n\000i\000s\000.\000\040}{section.6}% 524
\BOOKMARK [2][-]{section*.519}{\376\377\000P\000r\000o\000m\000i\000s\000s\000i\000o\000n\000i\000s\000\040\000e\000n\000i\000m\000\040\000s\000e\000r\000m\000o\000\040\000h\000i\000c\000\040\000e\000s\000t\000.\000\040}{section.6}% 525
\BOOKMARK [2][-]{section*.520}{\376\377\000I\000n\000\040\000t\000e\000m\000p\000o\000r\000e\000\040\000h\000o\000c\000.\000\040}{section.6}% 526
\BOOKMARK [2][-]{section*.521}{\376\377\000N\000o\000n\000\040\000s\000o\000l\000u\000m\000\040\000a\000u\000t\000e\000m\000\040\000h\000o\000c\000.\000\040}{section.6}% 527
\BOOKMARK [2][-]{section*.522}{\376\377\000R\000e\000b\000e\000c\000c\000a\000\040\000e\000x\000\040\000u\000n\000o\000\040\000c\000o\000n\000c\000e\000p\000e\000r\000a\000t\000.\000\040}{section.6}% 528
\BOOKMARK [2][-]{section*.523}{\376\377\000N\000o\000n\000d\000u\000m\000\040\000e\000n\000i\000m\000\040\000n\000a\000t\000i\000s\000\040\000p\000u\000e\000r\000i\000s\000,\000\040\000c\000u\000m\000\040\000n\000e\000q\000u\000e\000b\000o\000n\000i\000\040\000e\000t\000c\000.\000\040}{section.6}% 529
\BOOKMARK [2][-]{section*.524}{\376\377\000V\000t\000\040\000s\000e\000c\000u\000n\000d\000u\000m\000\040\000e\000l\000e\000c\000t\000i\000o\000n\000e\000m\000,\000\040\000p\000r\000o\000\040\000p\000o\000s\000i\000t\000u\000m\000\040\000m\000a\000n\000e\000r\000e\000t\000\040\000D\000e\000i\000.\000\040}{section.6}% 530
\BOOKMARK [2][-]{section*.525}{\376\377\000N\000o\000n\000\040\000e\000x\000\040\000o\000p\000e\000r\000i\000b\000u\000s\000.\000\040}{section.6}% 531
\BOOKMARK [2][-]{section*.526}{\376\377\000D\000e\000d\000\040\000e\000x\000\040\000u\000o\000c\000a\000n\000t\000e\000.\000\040}{section.6}% 532
\BOOKMARK [2][-]{section*.527}{\376\377\000N\000a\000i\000o\000r\000\040\000s\000e\000r\000u\000i\000e\000t\000\040\000m\000i\000n\000o\000r\000i\000.\000\040}{section.6}% 533
\BOOKMARK [2][-]{section*.528}{\376\377\000l\000a\000c\000o\000b\000\040\000d\000i\000l\000e\000x\000i\000,\000\040\000E\000s\000a\000u\000\040\000o\000d\000i\000o\000\040\000h\000a\000b\000u\000i\000.\000\040}{section.6}% 534
\BOOKMARK [2][-]{section*.529}{\376\377\000Q\000u\000i\000d\000\040\000i\000g\000i\000t\000u\000r\000\040\000d\000i\000c\000e\000m\000u\000s\000\040\000?\000\040}{section.6}% 535
\BOOKMARK [2][-]{section*.530}{\376\377\000N\000a\000m\000\040\000M\000o\000s\000i\000\040\000d\000i\000c\000i\000t\000,\000\040\000m\000i\000s\000e\000r\000e\000b\000o\000r\000.\000\040}{section.6}% 536
\BOOKMARK [2][-]{section*.531}{\376\377\000I\000t\000a\000q\000u\000e\000\040\000n\000o\000n\000\040\000e\000s\000t\000\040\000u\000o\000l\000e\000n\000t\000i\000s\000.\000\040}{section.6}% 537
\BOOKMARK [2][-]{section*.532}{\376\377\000N\000e\000q\000u\000e\000\040\000c\000u\000r\000r\000e\000n\000t\000i\000s\000.\000\040}{section.6}% 538
\BOOKMARK [2][-]{section*.533}{\376\377\000D\000i\000c\000i\000t\000\040\000e\000n\000i\000m\000\040\000S\000c\000r\000i\000p\000t\000u\000r\000a\000,\000\040\000i\000n\000\040\000h\000o\000c\000i\000p\000l\000u\000m\000\040\000e\000x\000c\000i\000t\000a\000u\000i\000t\000e\000.\000\040}{section.6}% 539
\BOOKMARK [2][-]{section*.534}{\376\377\000I\000d\000\040\000e\000s\000t\000,\000\040\000m\000a\000g\000n\000u\000m\000f\000e\000c\000i\000.\000\040}{section.6}% 540
\BOOKMARK [2][-]{section*.535}{\376\377\000I\000t\000a\000q\000u\000e\000\040\000c\000u\000i\000\040\000u\000u\000l\000t\000\040\000m\000i\000s\000e\000r\000e\000t\000u\000r\000.\000\040}{section.6}% 541
\BOOKMARK [2][-]{section*.536}{\376\377\000Q\000u\000i\000d\000\040\000a\000d\000h\000u\000c\000\040\000c\000o\000n\000q\000u\000e\000r\000i\000t\000u\000r\000.\000\040}{section.6}% 542
\BOOKMARK [2][-]{section*.537}{\376\377\000N\000a\000m\000\040\000u\000o\000l\000u\000n\000t\000a\000t\000i\000\040\000e\000i\000u\000s\000,\000\040\000q\000u\000i\000s\000\040\000r\000e\000s\000i\000s\000t\000i\000t\000?\000\040}{section.6}% 543
\BOOKMARK [2][-]{section*.538}{\376\377\000A\000t\000q\000u\000i\000\040\000o\000h\000o\000m\000o\000.\000\040}{section.6}% 544
\BOOKMARK [2][-]{section*.539}{\376\377\000I\000d\000e\000o\000q\000u\000e\000\040\000D\000e\000u\000s\000\040\000u\000o\000l\000e\000n\000s\000\040\000o\000s\000t\000e\000n\000d\000e\000r\000e\000\040\000i\000r\000a\000m\000,\000\040\000t\000u\000l\000i\000t\000.\000\040}{section.6}% 545
\BOOKMARK [2][-]{section*.540}{\376\377\000M\000u\000l\000t\000a\000\040\000a\000n\000i\000m\000i\000\040\000l\000e\000n\000i\000t\000a\000t\000e\000.\000\040}{section.6}% 546
\BOOKMARK [2][-]{section*.541}{\376\377\000E\000r\000g\000a\000\040\000u\000a\000s\000a\000\040\000m\000i\000s\000e\000r\000i\000c\000o\000r\000d\000i\000a\000e\000.\000\040}{section.6}% 547
\BOOKMARK [2][-]{section*.542}{\376\377\000Q\000u\000o\000s\000\040\000e\000t\000\040\000u\000o\000c\000a\000u\000i\000t\000\040\000,\000\040\000n\000i\000m\000i\000r\000u\000m\000n\000o\000s\000.\000\040}{section.6}% 548
\BOOKMARK [2][-]{section*.543}{\376\377\000N\000o\000n\000\040\000s\000o\000l\000u\000m\000\040\000e\000x\000\040\000l\000u\000d\000a\000e\000i\000s\000.\000\040}{section.6}% 549
\BOOKMARK [2][-]{section*.544}{\376\377\000V\000e\000r\000u\000m\000\040\000e\000t\000i\000a\000m\000\040\000e\000x\000\040\000G\000e\000n\000t\000i\000b\000u\000s\000.\000\040}{section.6}% 550
\BOOKMARK [2][-]{section*.545}{\376\377\000Q\000u\000e\000m\000a\000d\000m\000o\000d\000u\000m\000\040\000e\000t\000\040\000O\000s\000e\000a\000e\000\040\000d\000i\000c\000i\000t\000,\000\040\000V\000o\000c\000a\000b\000o\000\040\000p\000o\000p\000u\000l\000u\000m\000.\000\040}{section.6}% 551
\BOOKMARK [2][-]{section*.546}{\376\377\000Q\000u\000i\000\040\000m\000e\000u\000s\000\040\000n\000o\000n\000\040\000e\000r\000a\000t\000.\000\040}{section.6}% 552
\BOOKMARK [2][-]{section*.547}{\376\377\000E\000t\000\040\000e\000a\000m\000\040\000q\000u\000a\000e\000\040\000d\000i\000l\000e\000c\000t\000a\000\040\000n\000o\000n\000\040\000e\000r\000a\000t\000.\000\040}{section.6}% 553
\BOOKMARK [2][-]{section*.548}{\376\377\000E\000t\000\040\000e\000r\000i\000t\000\040\000u\000b\000i\000\040\000d\000i\000c\000t\000u\000m\000\040\000f\000u\000e\000r\000a\000t\000\040\000e\000i\000s\000.\000\040}{section.6}% 554
\BOOKMARK [2][-]{section*.549}{\376\377\000C\000O\000M\000M\000E\000N\000T\000.\000\040\000P\000O\000M\000E\000R\000.\000\040\000E\000s\000a\000i\000a\000s\000\040\000a\000u\000t\000e\000m\000\040\000c\000l\000a\000m\000a\000t\000.\000\040}{section.6}% 555
\BOOKMARK [2][-]{section*.550}{\376\377\000S\000e\000r\000m\000o\000n\000e\000m\000\040\000e\000n\000i\000m\000\040\000p\000e\000r\000f\000i\000c\000i\000e\000n\000s\000:\000\040}{section.6}% 556
\BOOKMARK [2][-]{section*.551}{\376\377\000E\000t\000\040\000q\000u\000e\000m\000a\000d\000m\000o\000d\000u\000m\000\040\000p\000r\000i\000u\000s\000\040\000d\000i\000x\000i\000t\000.\000\040}{section.6}% 557
\BOOKMARK [2][-]{section*.552}{\376\377\000N\000i\000s\000i\000\040\000D\000o\000m\000i\000n\000u\000s\000\040\000S\000a\000b\000a\000o\000t\000h\000\040\000r\000e\000l\000i\000q\000u\000i\000s\000s\000e\000t\000\040\000n\000o\000b\000i\000s\000\040\000s\000e\000m\000e\000n\000.\000\040}{section.6}% 558
\BOOKMARK [2][-]{section*.553}{\376\377\000Q\000u\000i\000d\000\040\000i\000g\000i\000t\000u\000r\000\040\000d\000i\000c\000e\000m\000u\000s\000\040\000?\000\040}{section.6}% 559
\BOOKMARK [2][-]{section*.554}{\376\377\000Q\000u\000o\000d\000\040\000g\000e\000n\000t\000e\000s\000\040\000q\000u\000a\000e\000\040\000n\000o\000n\000\040\000s\000e\000c\000t\000a\000b\000a\000n\000t\000u\000r\000\040\000i\000u\000s\000t\000i\000c\000i\000a\000m\000,\000\040\000a\000p\000p\000r\000e\000h\000e\000n\000d\000e\000r\000u\000n\000t\000\040\000i\000u\000s\000t\000i\000c\000i\000a\000m\000.\000\040}{section.6}% 560
\BOOKMARK [2][-]{section*.555}{\376\377\000I\000u\000s\000t\000i\000c\000i\000a\000m\000\040\000a\000u\000t\000\040\000e\000a\000m\000\040\000q\000u\000a\000e\000\040\000e\000s\000t\000\040\000e\000x\000f\000i\000d\000e\000,\000\040}{section.6}% 561
\BOOKMARK [2][-]{section*.556}{\376\377\000C\000o\000n\000t\000r\000a\000\040\000I\000s\000r\000a\000e\000l\000\040\000q\000u\000a\000e\000\040\000s\000e\000c\000t\000a\000b\000a\000t\000u\000r\000.\000\040}{section.6}% 562
\BOOKMARK [2][-]{section*.557}{\376\377\000P\000r\000o\000p\000t\000e\000r\000\040\000q\000u\000i\000d\000\040\000?\000\040}{section.6}% 563
\BOOKMARK [2][-]{section*.558}{\376\377\000Q\000u\000i\000a\000\040\000n\000o\000n\000\040\000e\000x\000\040\000f\000i\000d\000e\000.\000\040}{section.6}% 564
\BOOKMARK [2][-]{section*.559}{\376\377\000S\000c\000i\000l\000i\000c\000e\000t\000,\000\040\000s\000e\000c\000t\000a\000b\000a\000n\000t\000u\000r\000\040\000i\000u\000s\000t\000i\000c\000i\000a\000m\000.\000\040}{section.6}% 565
\BOOKMARK [2][-]{section*.560}{\376\377\000S\000e\000d\000\040\000t\000a\000n\000q\000u\000a\000m\000\040\000e\000x\000\040\000o\000p\000e\000r\000i\000b\000u\000s\000.\000\040}{section.6}% 566
\BOOKMARK [2][-]{section*.561}{\376\377\000I\000n\000\040\000l\000a\000p\000i\000d\000e\000m\000\040\000o\000f\000f\000e\000n\000d\000i\000c\000u\000l\000i\000.\000\040}{section.6}% 567
\BOOKMARK [2][-]{section*.562}{\376\377\000E\000c\000c\000e\000\040\000p\000o\000n\000o\000i\000n\000\040\000S\000i\000o\000n\000.\000\040}{section.6}% 568
\BOOKMARK [2][-]{section*.563}{\376\377\000E\000t\000\040\000p\000e\000t\000r\000a\000m\000\040\000o\000f\000f\000e\000n\000s\000i\000o\000n\000i\000s\000.\000\040}{section.6}% 569
\BOOKMARK [2][-]{section*.564}{\376\377\000E\000t\000\040\000o\000m\000n\000i\000s\000\040\000q\000u\000i\000\040\000c\000r\000e\000d\000i\000t\000i\000n\000\040\000e\000o\000,\000\040\000n\000o\000n\000\040\000p\000u\000d\000e\000f\000i\000e\000t\000,\000\040}{section.6}% 570
\BOOKMARK [1][-]{section.7}{\376\377\000C\000A\000P\000.\000X\000.}{}% 571
\BOOKMARK [2][-]{section*.565}{\376\377\000F\000r\000a\000t\000r\000e\000s\000,\000\040\000p\000r\000o\000p\000e\000n\000s\000a\000\040\000q\000u\000i\000d\000e\000m\000\040\000u\000o\000l\000u\000n\000t\000a\000s\000\040\000c\000o\000r\000d\000i\000s\000\040\000m\000e\000i\000.\000\040}{section.7}% 572
\BOOKMARK [2][-]{section*.566}{\376\377\000T\000e\000s\000t\000i\000m\000o\000n\000i\000u\000m\000\040\000e\000n\000i\000m\000\040\000i\000l\000l\000i\000s\000\040\000p\000e\000r\000h\000i\000b\000e\000o\000,\000\040\247\131\000\040\000s\000t\000u\000d\000i\000u\000m\000\040\000D\000e\000i\000\040\000h\000a\000b\000e\000n\000t\000.\000\040}{section.7}% 573
\BOOKMARK [2][-]{section*.567}{\376\377\000N\000a\000m\000\040\000i\000g\000n\000o\000r\000a\000n\000t\000e\000s\000\040\000D\000e\000i\000\040\000i\000u\000s\000t\000i\000c\000i\000a\000m\000.\000\040}{section.7}% 574
\BOOKMARK [2][-]{section*.568}{\376\377\000E\000t\000\040\000p\000r\000o\000p\000r\000i\000a\000m\000\040\000i\000u\000s\000t\000i\000c\000i\000a\000m\000\040\000q\000u\000a\000e\000r\000e\000n\000t\000e\000s\000:\000\040}{section.7}% 575
\BOOKMARK [2][-]{section*.569}{\376\377\000N\000A\000M\000\040\000P\000E\000R\000F\000E\000C\000T\000I\000O\000.\000\040\000I\000d\000\040\000e\000s\000t\000,\000\040\000f\000i\000n\000i\000s\000\040}{section.7}% 576
\BOOKMARK [2][-]{section*.570}{\376\377\000L\000e\000g\000i\000s\000\040\000C\000h\000r\000i\000s\000t\000u\000s\000.\000\040}{section.7}% 577
\BOOKMARK [2][-]{section*.571}{}{section.7}% 578
\BOOKMARK [2][-]{section*.572}{\376\377\000A\000d\000\040\000i\000u\000s\000t\000i\000f\000i\000c\000a\000t\000i\000o\000n\000e\000m\000\040\000o\000m\000n\000i\000\040\000c\000r\000e\000d\000e\000n\000t\000i\000.\000\040}{section.7}% 579
\BOOKMARK [2][-]{section*.573}{\376\377\000M\000o\000s\000e\000s\000\040\000e\000n\000i\000m\000\040\000s\000c\000r\000i\000b\000i\000t\000\040\000d\000e\000\040\000i\000u\000s\000t\000i\000c\000i\000a\000.\000\040\000I\000n\000\040\000L\000e\000u\000i\000t\000i\000c\000o\000,\000\040\000e\000t\000\040\000D\000e\000u\000t\000e\000r\000o\000.\000\040}{section.7}% 580
\BOOKMARK [2][-]{section*.574}{\376\377\000Q\000u\000a\000e\000\040\000e\000s\000t\000\040\000e\000x\000\040\000l\000e\000g\000e\000,\000\040\247\131\000\040\000q\000u\000i\000\040\000f\000e\000c\000e\000r\000i\000t\000\040\000e\000a\000\040\000h\000o\000m\000o\000,\000\040\000u\000i\000u\000e\000t\000\040\000p\000e\000r\000\040\000i\000l\000l\000a\000.\000\040}{section.7}% 581
\BOOKMARK [2][-]{section*.575}{\376\377\000C\000a\000e\000t\000e\000r\000u\000m\000\040\000e\000a\000\040\000q\000u\000a\000e\000\040\000e\000x\000f\000i\000d\000e\000.\000\040}{section.7}% 582
\BOOKMARK [2][-]{section*.576}{\376\377\000E\000a\000\040\000s\000i\000c\000\040\000l\000o\000q\000u\000i\000t\000u\000r\000,\000\040\000n\000e\000\040\000d\000i\000x\000e\000r\000i\000s\000\040\000i\000n\000\040\000c\000o\000r\000d\000e\000\040\000t\000u\000o\000.\000\040}{section.7}% 583
\BOOKMARK [2][-]{section*.577}{\376\377\000Q\000u\000i\000s\000\040\000a\000s\000c\000e\000n\000d\000e\000t\000\040\000i\000n\000\040\000c\000o\000e\000l\000u\000m\000?\000\040}{section.7}% 584
\BOOKMARK [2][-]{section*.578}{\376\377\000A\000u\000t\000\040\000q\000u\000i\000s\000\040\000d\000e\000l\000c\000e\000n\000d\000e\000t\000\040\000i\000n\000\040\000a\000b\000y\000s\000s\000u\000m\000,\000\040\000h\000o\000c\000\040\000e\000s\000t\000\040\000C\000h\000r\000i\000s\000t\000u\000m\000\040\000e\000t\000c\000.\000\040}{section.7}% 585
\BOOKMARK [2][-]{section*.579}{}{section.7}% 586
\BOOKMARK [2][-]{section*.580}{\376\377\000S\000e\000d\000\040\000q\000u\000i\000d\000\040\000d\000i\000c\000i\000t\000?\000\040}{section.7}% 587
\BOOKMARK [2][-]{section*.581}{\376\377\000H\000o\000c\000\040\000e\000s\000t\000\040\000u\000e\000r\000b\000u\000m\000\040\000f\000i\000d\000e\000i\000\040\000q\000u\000o\000d\000\040\000p\000r\000a\000e\000d\000i\000,\000\040}{section.7}% 588
\BOOKMARK [2][-]{section*.582}{\376\377\000N\000e\000m\000p\000e\000\040\000s\000i\000\040\000c\000o\000n\000f\000e\000s\000s\000u\000s\000\040\000f\000u\000e\000r\000i\000s\000\040\000o\000r\000e\000\040\000t\000u\000o\000.\000\040}{section.7}% 589
\BOOKMARK [2][-]{section*.583}{\376\377\000C\000o\000r\000d\000e\000\040\000e\000n\000i\000m\000\040\000c\000r\000e\000d\000i\000t\000u\000r\000\040\000a\000d\000\040\000i\000u\000s\000t\000i\000c\000i\000a\000m\000.\000\040\000*\0001\000-\0004\0005\000e\000b\000i\000s\000\040\000I\000d\000\040\000e\000s\000t\000,\000\040\000p\000e\000r\000\040\000h\000o\000c\000\040\000q\000u\000o\000d\000\040\000c\000o\000r\000d\000e\000\040\000c\000r\000e\000d\000i\000s\000,\000\040\000i\000u\000s\000t\000i\000f\000i\000c\000a\000r\000i\000s\000.\000\040}{section.7}% 590
\BOOKMARK [2][-]{section*.584}{\376\377\000O\000r\000e\000\040\000a\000u\000t\000e\000m\000\040\000c\000o\000n\000f\000e\000s\000s\000i\000o\000\040\000f\000i\000t\000\040\000a\000d\000\040\000s\000a\000l\000u\000t\000e\000n\000t\000.\000\040}{section.7}% 591
\BOOKMARK [2][-]{section*.585}{}{section.7}% 592
\BOOKMARK [2][-]{section*.586}{\376\377\000D\000i\000c\000i\000t\000\040\000s\000c\000r\000i\000p\000t\000u\000r\000a\000.\000\040\000O\000m\000n\000i\000s\000\040\000q\000u\000i\000\040\000f\000i\000d\000i\000t\000\040\000i\000l\000l\000i\000,\000\040\000n\000o\000n\000\040\000p\000u\000d\000e\000f\000i\000e\000t\000.\000\040}{section.7}% 593
\BOOKMARK [2][-]{section*.587}{\376\377\000N\000o\000n\000\040\000e\000n\000i\000m\000\040\000e\000s\000t\000\040\000d\000i\000s\000t\000i\000n\000c\000t\000i\000o\000.\000\040}{section.7}% 594
\BOOKMARK [2][-]{section*.588}{\376\377\000Q\000u\000i\000s\000q\000u\000i\000s\000\040\000i\000n\000u\000o\000c\000a\000u\000e\000r\000i\000t\000\040\000n\000o\000m\000e\000m\000\040\000D\000o\000m\000i\000n\000i\000\040\000s\000a\000l\000u\000u\000s\000\040\000e\000r\000i\000t\000.\000\040}{section.7}% 595
\BOOKMARK [2][-]{section*.589}{\376\377\000Q\000u\000o\000n\000\040\000i\000n\000u\000o\000c\000a\000b\000u\000n\000t\000\040\000i\000n\000\040\000q\000u\000e\000m\000\040\000n\000o\000n\000\040\000c\000r\000e\000d\000u\000n\000t\000.\000\040}{section.7}% 596
\BOOKMARK [2][-]{section*.590}{\376\377\000Q\000u\000o\000m\000o\000d\000o\000\040\000a\000u\000t\000e\000m\000\040\000c\000r\000e\000d\000e\000n\000t\000\040\000e\000i\000,\000\040\000d\000e\000\040\000U\000'\000T\000h\0005\000A\000a\000\040\000q\000u\000o\000\040\000n\000o\000n\000\040\000a\000u\000d\000i\000e\000r\000u\000n\000t\000\040\000?\000\040}{section.7}% 597
\BOOKMARK [2][-]{section*.591}{}{section.7}% 598
\BOOKMARK [2][-]{section*.592}{\376\377\000*\000\040\000l\000.\0005\000\040\000g\000e\000t\000a\000s\000.\000\040}{section.7}% 599
\BOOKMARK [2][-]{section*.593}{\376\377\000Q\000u\000o\000m\000o\000d\000o\000\040\000a\000u\000t\000e\000m\000\040\000p\000r\000a\000e\000d\000i\000c\000a\000b\000u\000n\000t\000\040\000n\000i\000s\000i\000\040\000m\000i\000s\000s\000i\000\040\000f\000u\000e\000r\000i\000n\000t\000\040\000?\000\040}{section.7}% 600
\BOOKMARK [2][-]{section*.594}{\376\377\000S\000i\000c\000u\000t\000\040\000s\000c\000r\000i\000p\000t\000u\000m\000\040\000e\000s\000t\000,\000\040\000Q\000u\000a\000m\000\040\000a\000m\000a\000b\000i\000l\000e\000s\000\040\000p\000e\000d\000e\000s\000.\000\040}{section.7}% 601
\BOOKMARK [2][-]{section*.595}{\376\377\000A\000t\000\040\000n\000o\000n\000\040\000o\000m\000n\000e\000s\000\040\000o\000b\000e\000d\000i\000e\000r\000u\000n\000t\000\040\000E\000u\000a\000n\000\040\000g\000e\000l\000i\000o\000.\000\040}{section.7}% 602
\BOOKMARK [2][-]{section*.596}{\376\377\000E\000l\000a\000i\000a\000s\000\040\000e\000n\000i\000m\000\040\000d\000i\000c\000i\000t\000,\000\040\000D\000o\000m\000i\000n\000e\000\040\000q\000u\000i\000s\000\040\000c\000r\000e\000d\000i\000t\000\040\000a\000u\000d\000i\000t\000u\000i\000\040\000n\000o\000s\000t\000r\000o\000?\000\040}{section.7}% 603
\BOOKMARK [2][-]{section*.597}{\376\377\000E\000r\000g\000o\000\040\000f\000i\000d\000e\000s\000\040\000e\000x\000\040\000a\000u\000d\000i\000t\000u\000\040\000e\000s\000t\000.\000\040}{section.7}% 604
\BOOKMARK [2][-]{section*.598}{\376\377\000A\000u\000d\000i\000t\000u\000s\000\040\000a\000u\000t\000e\000m\000.\000\040}{section.7}% 605
\BOOKMARK [2][-]{section*.599}{\376\377\000S\000e\000d\000\040\000d\000i\000c\000o\000,\000\040\000a\000n\000\040\000n\000o\000n\000\040\000a\000u\000d\000i\000e\000r\000u\000n\000t\000\040\000?\000\040}{section.7}% 606
\BOOKMARK [2][-]{section*.600}{\376\377\000S\000e\000d\000\040\000d\000i\000c\000o\000,\000\040\000n\000u\000n\000q\000u\000i\000d\000\040\000n\000o\000n\000\040\000c\000o\000g\000n\000o\000u\000i\000t\000\040\000l\000s\000r\000a\000e\000l\000.\000\040}{section.7}% 607
\BOOKMARK [2][-]{section*.601}{\376\377\000P\000r\000i\000m\000u\000s\000\040\000M\000o\000s\000e\000s\000\040\000d\000i\000c\000i\000t\000.\000\040}{section.7}% 608
\BOOKMARK [2][-]{section*.602}{\376\377\000E\000s\000a\000i\000a\000s\000\040\000a\000u\000t\000e\000m\000\040\000p\000o\000s\000t\000\040\000h\000u\000n\000c\000\040\000a\000u\000d\000e\000t\000.\000\040}{section.7}% 609
\BOOKMARK [2][-]{section*.603}{\376\377\000I\000n\000u\000e\000n\000t\000u\000s\000\040\000f\000u\000i\000\040\000i\000i\000s\000\040\000q\000u\000i\000\040\000m\000e\000\040\000n\000o\000n\000\040\000q\000u\000a\000e\000\040\000r\000e\000b\000a\000n\000t\000\040}{section.7}% 610
\BOOKMARK [2][-]{section*.604}{\376\377\000C\000o\000n\000s\000p\000i\000c\000u\000u\000s\000\040\000f\000a\000c\000t\000u\000s\000\040\000s\000u\000m\000\040\000f\000j\000s\000\040\000e\000t\000c\000.\000\040\000d\000\040\000e\000s\000t\000,\000\040\000i\000l\000l\000i\000s\000\040\000a\000d\000p\000a\000r\000u\000i\000,\000\040\000e\000t\000\040\000m\000e\000\040\000a\000g\000n\000o\000u\000e\000r\000u\000n\000t\000\040\000p\000e\000r\000\040\000f\000i\000d\000e\000m\000,\000\040}{section.7}% 611
\BOOKMARK [2][-]{section*.605}{\376\377\000A\000d\000u\000e\000r\000s\000u\000s\000\040\000I\000s\000r\000a\000e\000l\000\040\000a\000u\000t\000e\000m\000\040\000d\000i\000c\000i\000t\000.\000\040}{section.7}% 612
\BOOKMARK [2][-]{section*.606}{\376\377\000T\000o\000t\000o\000\040\000d\000i\000e\000\040\000e\000x\000p\000a\000n\000d\000i\000.\000\040}{section.7}% 613
\BOOKMARK [2][-]{section*.607}{\376\377\000E\000t\000\040\000c\000o\000n\000t\000r\000a\000d\000i\000c\000e\000n\000t\000e\000m\000.\000\040}{section.7}% 614
\BOOKMARK [1][-]{section.8}{\376\377\000C\000A\000P\000.\000X\000I\000.}{}% 615
\BOOKMARK [2][-]{section*.608}{\376\377\000N\000a\000m\000\040\000e\000t\000\040\000e\000g\000o\000\040\000l\000s\000r\000a\000e\000l\000i\000t\000a\000s\000u\000m\000.\000\040}{section.8}% 616
\BOOKMARK [2][-]{section*.609}{\376\377\000E\000x\000s\000e\000m\000i\000n\000e\000.\000\040}{section.8}% 617
\BOOKMARK [2][-]{section*.610}{\376\377\000N\000o\000n\000\040\000r\000e\000p\000u\000l\000i\000t\000\040\000D\000e\000u\000s\000\040\000p\000o\000p\000u\000l\000u\000m\000\040\000s\000u\000u\000m\000,\000\040\000q\000u\000e\000m\000\040\000a\000n\000t\000e\000\040\000a\000g\000n\000o\000u\000e\000r\000a\000t\000.\000\040}{section.8}% 618
\BOOKMARK [2][-]{section*.611}{\376\377\000A\000n\000\040\000n\000e\000s\000c\000i\000t\000i\000s\000\040\000d\000e\000\040\000E\000l\000i\000a\000.\000\040}{section.8}% 619
\BOOKMARK [2][-]{section*.612}{\376\377\000b\000i\000c\000\040\000i\000g\000i\000t\000u\000r\000\040\000e\000t\000\040\000i\000n\000\040\000h\000o\000c\000t\000e\000m\000p\000o\000r\000e\000.\000\040}{section.8}% 620
\BOOKMARK [2][-]{section*.613}{\376\377\000Q\000u\000o\000d\000\040\000s\000i\000\040\000p\000e\000r\000\040\000g\000r\000a\000t\000i\000a\000m\000,\000\040\000n\000o\000n\000\040\000i\000a\000m\000\040\000e\000x\000\040\000o\000p\000i\000b\000u\000s\000\040}{section.8}% 621
\BOOKMARK [2][-]{section*.614}{\376\377\000b\000i\000n\000\040\000e\000x\000\040\000o\000p\000e\000r\000i\000b\000u\000s\000\040\000e\000t\000c\000.\000\040}{section.8}% 622
\BOOKMARK [2][-]{section*.615}{\376\377\000Q\000u\000i\000d\000\040\000i\000g\000i\000t\000u\000r\000.\000\040}{section.8}% 623
\BOOKMARK [2][-]{section*.616}{\376\377\000Q\000u\000o\000d\000\040\000q\000u\000a\000e\000r\000i\000t\000\040\000l\000s\000r\000a\000e\000l\000,\000\040\000h\000o\000c\000\040\000n\000o\000n\000\040\000e\000s\000t\000\040\000a\000d\000s\000e\000c\000u\000t\000u\000s\000.\000\040}{section.8}% 624
\BOOKMARK [2][-]{section*.617}{\376\377\000S\000e\000d\000\040\000e\000l\000e\000c\000t\000i\000o\000\040\000c\000o\000n\000l\000e\000c\000u\000t\000a\000\040\000e\000s\000t\000.\000\040}{section.8}% 625
\BOOKMARK [2][-]{section*.618}{\376\377\000R\000e\000l\000i\000q\000u\000i\000\040\000u\000e\000r\000o\000\040\000e\000x\000c\000a\000e\000c\000a\000t\000i\000\040\000s\000u\000n\000t\000.\000\040}{section.8}% 626
\BOOKMARK [2][-]{section*.619}{\376\377\000Q\000u\000e\000m\000a\000d\000m\000o\000d\000u\000m\000\040\000s\000c\000r\000i\000p\000t\000u\000m\000\040\000e\000s\000t\000,\000\040\000d\000e\000d\000i\000t\000\040\000e\000i\000s\000\040\000s\000p\000i\000r\000i\000t\000u\000m\000\040\000c\000o\000m\000p\000u\000n\000c\000t\000i\000o\000n\000i\000s\000.\000\040}{section.8}% 627
\BOOKMARK [2][-]{section*.620}{\376\377\000O\000c\000u\000l\000o\000s\000,\000\040\000u\000t\000\040\000n\000o\000n\000\040\000u\000i\000d\000e\000a\000n\000t\000.\000\040}{section.8}% 628
\BOOKMARK [2][-]{section*.621}{\376\377\000V\000l\000q\000u\000e\000\040\000a\000d\000\040\000h\000o\000d\000i\000e\000r\000n\000u\000m\000\040\000d\000i\000e\000m\000.\000\040}{section.8}% 629
\BOOKMARK [2][-]{section*.622}{\376\377\000E\000t\000\040\000D\000a\000u\000i\000d\000\040\000d\000i\000c\000i\000t\000,\000\040\000V\000e\000r\000t\000a\000t\000u\000r\000\040\000m\000e\000m\000s\000a\000\040\000i\000l\000l\000o\000r\000u\000m\000\040\000i\000n\000\040\000l\000a\000q\000u\000e\000u\000m\000.\000\040}{section.8}% 630
\BOOKMARK [2][-]{section*.623}{\376\377\000O\000b\000t\000e\000n\000e\000b\000r\000e\000n\000t\000u\000r\000?\000\040}{section.8}% 631
\BOOKMARK [2][-]{section*.624}{\376\377\000E\000t\000\040\000t\000e\000r\000g\000u\000m\000\040\000i\000l\000l\000o\000r\000u\000m\000\040\000s\000e\000m\000p\000e\000r\000\040\000i\000n\000c\000u\000r\000u\000a\000.\000\040}{section.8}% 632
\BOOKMARK [2][-]{section*.625}{\376\377\000D\000i\000c\000o\000\040\000i\000g\000i\000t\000u\000r\000,\000\040\000N\000u\000m\000\040\000i\000d\000e\000o\000\040\000i\000m\000p\000e\000g\000e\000\040\000r\000u\000n\000t\000,\000\040\000u\000t\000\040\000c\000o\000n\000c\000i\000d\000e\000r\000e\000n\000t\000\040\000?\000\040}{section.8}% 633
\BOOKMARK [2][-]{section*.626}{\376\377\000S\000e\000d\000\040\000p\000e\000r\000\040\000l\000a\000p\000s\000u\000m\000.\000\040}{section.8}% 634
\BOOKMARK [2][-]{section*.627}{\376\377\000S\000a\000l\000u\000s\000\040\000c\000o\000n\000t\000i\000g\000i\000t\000\040\000G\000e\000n\000t\000i\000b\000u\000s\000.\000\040}{section.8}% 635
\BOOKMARK [2][-]{section*.628}{\376\377\000I\000n\000\040\000h\000o\000c\000\040\000u\000t\000\040\000e\000o\000s\000\040\000e\000t\000c\000.\000\040}{section.8}% 636
\BOOKMARK [2][-]{section*.629}{\376\377\000Q\000u\000o\000d\000\040\000s\000i\000\040\000l\000a\000p\000s\000u\000s\000\040\000i\000l\000l\000o\000r\000u\000m\000.\000\040}{section.8}% 637
\BOOKMARK [2][-]{section*.630}{\376\377\000E\000t\000\040\000d\000i\000m\000i\000n\000u\000t\000i\000o\000\040\000i\000l\000l\000o\000r\000u\000m\000.\000\040}{section.8}% 638
\BOOKMARK [2][-]{section*.631}{\376\377\000Q\000u\000a\000n\000t\000o\000\040\000m\000a\000g\000i\000s\000\040\000e\000t\000\040\000p\000l\000e\000n\000i\000t\000u\000d\000o\000\040\000i\000l\000l\000o\000r\000u\000m\000.\000\040}{section.8}% 639
\BOOKMARK [2][-]{section*.632}{\376\377\000V\000o\000b\000i\000s\000\040\000e\000n\000i\000m\000\040\000g\000e\000n\000t\000i\000b\000u\000s\000\040\000d\000i\000c\000o\000.\000\040}{section.8}% 640
\BOOKMARK [2][-]{section*.633}{\376\377\000M\000i\000n\000i\000s\000t\000e\000r\000i\000u\000m\000\040\000m\000e\000u\000m\000\040\000i\000l\000l\000u\000s\000t\000r\000o\000.\000\040}{section.8}% 641
\BOOKMARK [2][-]{section*.634}{\376\377\000S\000i\000\040\000q\000u\000o\000\040\000m\000o\000d\000o\000\040\000a\000d\000\040\000e\000m\000u\000l\000a\000t\000i\000o\000n\000e\000m\000\040\000p\000r\000o\000\040}{section.8}% 642
\BOOKMARK [2][-]{section*.635}{\376\377\000u\000o\000c\000e\000m\000\040\000c\000a\000r\000n\000e\000m\000\040\000m\000e\000a\000m\000.\000\040}{section.8}% 643
\BOOKMARK [2][-]{section*.636}{\376\377\000E\000t\000\040\000s\000a\000l\000u\000o\000s\000\040\000r\000e\000d\000d\000a\000m\000\040\000n\000o\000n\000n\000u\000l\000l\000o\000s\000.\000\040}{section.8}% 644
\BOOKMARK [2][-]{section*.637}{\376\377\000N\000a\000m\000s\000i\000\040\000r\000e\000i\000e\000c\000t\000i\000o\000\040\000i\000l\000l\000o\000r\000u\000m\000.\000\040}{section.8}% 645
\BOOKMARK [2][-]{section*.638}{\376\377\000N\000i\000s\000i\000\040\000u\000i\000t\000a\000\040\000e\000x\000\040\000m\000o\000r\000t\000u\000i\000s\000.\000\040}{section.8}% 646
\BOOKMARK [2][-]{section*.639}{\376\377\000Q\000u\000o\000d\000\040\000s\000i\000\040\000p\000r\000i\000m\000i\000t\000i\000a\000e\000\040\000s\000a\000n\000c\000t\000a\000e\000.\000\040}{section.8}% 647
\BOOKMARK [2][-]{section*.640}{\376\377\000E\000t\000\040\000s\000i\000\040\000r\000a\000d\000i\000x\000\040\000s\000a\000n\000c\000t\000a\000.\000\040}{section.8}% 648
\BOOKMARK [2][-]{section*.641}{\376\377\000Q\000u\000o\000d\000\040\000s\000i\000\040\000n\000o\000m\000n\000u\000l\000l\000i\000\040\000r\000a\000m\000i\000\040\000d\000e\000f\000r\000a\000c\000t\000i\000\040\000s\000u\000n\000t\000.\000\040}{section.8}% 649
\BOOKMARK [2][-]{section*.642}{\376\377\000I\000u\000\040\000u\000e\000r\000o\000\040\000c\000u\000m\000\040\000e\000s\000s\000e\000s\000\040\000o\000l\000e\000a\000s\000t\000e\000r\000.\000\040}{section.8}% 650
\BOOKMARK [2][-]{section*.643}{\376\377\000I\000n\000s\000i\000t\000u\000s\000\040\000f\000u\000i\000s\000t\000i\000\040\000i\000l\000l\000i\000s\000.\000\040}{section.8}% 651
\BOOKMARK [2][-]{section*.644}{\376\377\000E\000t\000\040\000c\000o\000n\000s\000o\000r\000s\000\040\000r\000a\000d\000i\000c\000i\000s\000\040\000e\000t\000\040\000p\000i\000n\000g\000u\000e\000d\000i\000n\000i\000s\000\040}{section.8}% 652
\BOOKMARK [2][-]{section*.645}{\376\377\000N\000e\000\040\000g\000l\000o\000r\000i\000e\000r\000i\000s\000\040\000a\000d\000u\000e\000r\000s\000u\000s\000\040\000r\000a\000m\000o\000s\000.\000\040}{section.8}% 653
\BOOKMARK [2][-]{section*.646}{\376\377\000Q\000u\000o\000d\000\040\000s\000i\000\040\000g\000l\000o\000r\000i\000a\000r\000i\000s\000,\000\040\000n\000o\000n\000\040\000t\000u\000\040\000r\000a\000d\000i\000c\000e\000m\000\040\000p\000o\000r\000t\000a\000s\000.\000\040}{section.8}% 654
\BOOKMARK [2][-]{section*.647}{\376\377\000V\000t\000\040\000e\000g\000o\000\040\000i\000n\000s\000e\000r\000e\000r\000e\000r\000.\000\040}{section.8}% 655
\BOOKMARK [2][-]{section*.648}{\376\377\000E\000c\000c\000e\000\040\000i\000g\000i\000t\000u\000r\000\040\000b\000o\000n\000i\000t\000a\000t\000e\000m\000.\000\040}{section.8}% 656
\BOOKMARK [2][-]{section*.649}{}{section.8}% 657
\BOOKMARK [2][-]{section*.650}{\376\377\000N\000o\000n\000\040\000e\000n\000i\000m\000\040\000u\000o\000l\000o\000\040\000u\000o\000s\000\040\000i\000g\000n\000o\000r\000a\000r\000e\000\040\000f\000r\000a\000t\000r\000e\000s\000.\000\040}{section.8}% 658
\BOOKMARK [2][-]{section*.651}{\376\377\000E\000x\000p\000a\000r\000t\000e\000.\000\040}{section.8}% 659
\BOOKMARK [2][-]{section*.652}{\376\377\000D\000o\000n\000e\000c\000\040\000p\000l\000e\000n\000i\000t\000u\000d\000o\000\040\000a\000d\000u\000e\000n\000e\000r\000i\000t\000.\000\040}{section.8}% 660
\BOOKMARK [2][-]{section*.653}{\376\377\000E\000t\000\040\000l\000i\000c\000t\000o\000t\000u\000s\000\040\000I\000s\000r\000a\000e\000l\000\040\000s\000a\000l\000u\000u\000s\000\040\000e\000r\000i\000t\000.\000\040}{section.8}% 661
\BOOKMARK [2][-]{section*.654}{\376\377\000S\000i\000c\000u\000t\000\040\000s\000c\000r\000i\000p\000t\000u\000m\000\040\000e\000s\000t\000\040\000,\000\040\000A\000d\000u\000e\000n\000i\000e\000t\000.\000\040}{section.8}% 662
\BOOKMARK [2][-]{section*.655}{\376\377\000E\000t\000\040\000a\000u\000e\000r\000t\000e\000t\000\040\000i\000m\000p\000i\000e\000t\000a\000t\000e\000s\000\040\000a\000\040\000l\000a\000c\000o\000b\000.\000\040}{section.8}% 663
\BOOKMARK [2][-]{section*.656}{\376\377\000E\000t\000\040\000h\000o\000c\000\040\000i\000l\000l\000i\000s\000\040\000a\000\040\000m\000e\000\040\000t\000e\000s\000t\000a\000m\000e\000n\000t\000u\000m\000.\000\040}{section.8}% 664
\BOOKMARK [2][-]{section*.657}{\376\377\000C\000u\000m\000\040\000a\000b\000s\000t\000u\000l\000e\000r\000o\000\040\000p\000e\000c\000c\000a\000t\000a\000\040\000e\000o\000r\000u\000m\000.\000\040}{section.8}% 665
\BOOKMARK [2][-]{section*.658}{\376\377\000S\000e\000c\000u\000n\000d\000u\000m\000\040\000E\000u\000a\000n\000g\000e\000l\000i\000u\000m\000\040\000q\000u\000i\000d\000e\000m\000.\000\040}{section.8}% 666
\BOOKMARK [2][-]{section*.659}{\376\377\000S\000e\000c\000u\000n\000d\000u\000m\000\040\000e\000l\000e\000c\000t\000i\000o\000n\000e\000m\000\040\000a\000u\000t\000e\000m\000,\000\040}{section.8}% 667
\BOOKMARK [2][-]{section*.660}{\376\377\000D\000i\000l\000e\000c\000t\000i\000\040\000s\000u\000n\000t\000.\000\040}{section.8}% 668
\BOOKMARK [2][-]{section*.661}{\376\377\000N\000a\000m\000d\000o\000n\000a\000\040\000q\000u\000i\000d\000e\000m\000.\000\040}{section.8}% 669
\BOOKMARK [2][-]{section*.662}{\376\377\000Q\000u\000e\000m\000a\000d\000m\000o\000d\000u\000m\000\040\000e\000t\000\040\000u\000o\000s\000.\000\040}{section.8}% 670
\BOOKMARK [2][-]{section*.663}{\376\377\000N\000u\000n\000c\000\040\000a\000u\000t\000e\000m\000\040\000m\000i\000s\000e\000r\000i\000c\000o\000r\000d\000i\000a\000m\000\040\000e\000s\000t\000i\000s\000\040\000c\000o\000n\000s\000e\000c\000u\000t\000i\000\040\000p\000e\000r\000\040\000i\000n\000c\000r\000e\000d\000u\000l\000i\000t\000a\000t\000e\000m\000\040\000i\000l\000l\000o\000r\000u\000m\000.\000\040}{section.8}% 671
\BOOKMARK [2][-]{section*.664}{\376\377\000E\000x\000\040\000e\000o\000\040\000q\000u\000o\000d\000\040\000u\000o\000s\000\040\000m\000i\000s\000e\000r\000i\000c\000o\000r\000d\000i\000a\000m\000\040\000e\000s\000t\000i\000s\000\040\000a\000d\000e\000p\000t\000i\000.\000\040}{section.8}% 672
\BOOKMARK [2][-]{section*.665}{\376\377\000V\000t\000\040\000e\000t\000\040\000i\000p\000l\000i\000\040\000m\000i\000s\000e\000r\000i\000c\000o\000r\000d\000i\000a\000m\000\040\000c\000o\000n\000s\000e\000.\000\040}{section.8}% 673
\BOOKMARK [2][-]{section*.666}{}{section.8}% 674
\BOOKMARK [2][-]{section*.667}{\376\377\000V\000t\000\040\000o\000m\000n\000i\000u\000m\000\040\000m\000i\000l\000e\000r\000e\000r\000e\000t\000u\000r\000.\000\040}{section.8}% 675
\BOOKMARK [2][-]{section*.668}{\376\377\000O\000\040\000p\000r\000o\000f\000u\000n\000d\000i\000t\000a\000t\000e\000m\000.\000\040}{section.8}% 676
\BOOKMARK [2][-]{section*.669}{\376\377\000D\000i\000u\000i\000t\000i\000a\000r\000u\000m\000.\000\040}{section.8}% 677
\BOOKMARK [2][-]{section*.670}{\376\377\000Q\000u\000a\000m\000\040\000i\000n\000s\000c\000r\000u\000t\000a\000b\000i\000l\000i\000a\000.\000\040}{section.8}% 678
\BOOKMARK [2][-]{section*.671}{\376\377\000E\000t\000\040\000i\000n\000p\000e\000r\000u\000e\000s\000t\000i\000g\000a\000b\000i\000l\000e\000s\000\040\000u\000i\000a\000e\000\040\000e\000i\000u\000s\000.\000\040}{section.8}% 679
\BOOKMARK [2][-]{section*.672}{\376\377\000Q\000u\000i\000s\000\040\000e\000n\000i\000m\000\040\000c\000o\000g\000n\000o\000u\000i\000t\000\040\000m\000e\000n\000t\000e\000m\000\040\000D\000\361\000i\000?\000\040}{section.8}% 680
\BOOKMARK [2][-]{section*.673}{\376\377\000A\000u\000t\000\040\000q\000u\000i\000s\000\040\000i\000l\000l\000i\000\040\000f\000u\000i\000t\000\040\000a\000\040\000c\000o\000n\000s\000i\000l\000i\000i\000s\000\040\000?\000\040}{section.8}% 681
\BOOKMARK [2][-]{section*.674}{\376\377\000A\000u\000t\000\040\000q\000u\000i\000s\000\040\000p\000r\000i\000o\000r\000\040\000d\000e\000d\000i\000t\000\040\000i\000l\000l\000i\000?\000\040}{section.8}% 682
\BOOKMARK [2][-]{section*.675}{\376\377\000Q\000u\000o\000n\000i\000a\000m\000\040\000e\000x\000\040\000i\000l\000l\000o\000\040\000e\000t\000c\000.\000\040}{section.8}% 683
\BOOKMARK [2][-]{section*.676}{\376\377\000E\000t\000\040\000p\000e\000r\000\040\000i\000l\000l\000u\000m\000.\000\040}{section.8}% 684
\BOOKMARK [2][-]{section*.677}{\376\377\000E\000t\000\040\000i\000n\000\040\000i\000l\000l\000u\000m\000.\000\040}{section.8}% 685
\BOOKMARK [2][-]{section*.678}{\376\377\000I\000p\000l\000i\000\040\000g\000l\000o\000r\000i\000a\000\040\000i\000n\000\040\000s\000e\000c\000u\000l\000a\000.\000\040}{section.8}% 686
\BOOKMARK [2][-]{section*.679}{\376\377\000O\000b\000s\000e\000c\000r\000o\000\040\000u\000o\000s\000\040\000p\000e\000r\000\040\000m\000i\000s\000e\000r\000a\000t\000i\000o\000n\000e\000s\000\040\000D\000e\000i\000.\000\040}{section.8}% 687
\BOOKMARK [2][-]{section*.680}{\376\377\000V\000t\000\040\000p\000r\000a\000e\000b\000e\000a\000t\000i\000s\000\040\000c\000o\000r\000p\000o\000r\000a\000\040\000u\000e\000s\000t\000r\000a\000.\000\040}{section.8}% 688
\BOOKMARK [2][-]{section*.681}{\376\377\000H\000o\000s\000t\000i\000a\000m\000\040\000u\000i\000u\000e\000n\000t\000e\000m\000.\000\040}{section.8}% 689
\BOOKMARK [2][-]{section*.682}{\376\377\000S\000a\000n\000c\000t\000a\000m\000\040\000h\000o\000s\000t\000i\000a\000m\000.\000\040}{section.8}% 690
\BOOKMARK [2][-]{section*.683}{\376\377\000A\000c\000c\000e\000p\000t\000a\000m\000.\000\040}{section.8}% 691
\BOOKMARK [2][-]{section*.684}{\376\377\000E\000t\000\040\000n\000e\000\040\000a\000c\000c\000o\000m\000m\000o\000d\000e\000t\000i\000s\000\040\000u\000o\000s\000.\000\040}{section.8}% 692
\BOOKMARK [2][-]{section*.685}{\376\377\000A\000d\000\040\000f\000i\000g\000u\000r\000a\000m\000.\000\040}{section.8}% 693
\BOOKMARK [2][-]{section*.686}{\376\377\000S\000e\000d\000\040\000t\000r\000a\000n\000s\000f\000o\000r\000m\000e\000m\000i\000n\000i\000.\000\040}{section.8}% 694
\BOOKMARK [2][-]{section*.687}{\376\377\000P\000e\000r\000\040\000r\000e\000n\000o\000u\000a\000t\000i\000o\000n\000e\000m\000\040\000m\000e\000n\000t\000i\000s\000.\000\040}{section.8}% 695
\BOOKMARK [2][-]{section*.688}{\376\377\000V\000t\000\040\000p\000r\000o\000b\000e\000t\000i\000s\000\040\000q\000u\000a\000e\000\040\000s\000i\000t\000\040\000u\000o\000l\000u\000n\000t\000a\000s\000\040\000D\000e\000i\000.\000\040}{section.8}% 696
\BOOKMARK [2][-]{section*.689}{\376\377\000D\000i\000c\000o\000\040\000i\000g\000i\000t\000u\000r\000\040\000u\000o\000b\000i\000s\000\040\000p\000e\000r\000\040\000g\000r\000a\000t\000i\000a\000m\000.\000\040}{section.8}% 697
\BOOKMARK [2][-]{section*.690}{\376\377\000N\000e\000\040\000q\000u\000i\000s\000\040\000a\000r\000r\000o\000g\000a\000n\000t\000e\000r\000\040\000d\000e\000\040\000s\000e\000\040\000s\000e\000n\000t\000i\000a\000t\000.\000\040}{section.8}% 698
\BOOKMARK [2][-]{section*.691}{\376\377\000S\000u\000p\000r\000a\000\040\000q\000u\000a\000m\000\040\000o\000p\000o\000r\000t\000e\000t\000\040\000d\000e\000\040\000s\000e\000\040\000s\000e\000n\000t\000i\000r\000e}{section.8}% 699
\BOOKMARK [2][-]{section*.692}{\376\377\000V\000t\000\040\000c\000u\000i\000q\000u\000e\000\040\000D\000e\000u\000s\000\040\000p\000a\000r\000t\000i\000t\000u\000s\000\040\000e\000s\000t\000\040\000m\000e\000m\000s\000u\000r\000a\000m\000\040\000f\000i\000d\000e\000i\000.\000\040}{section.8}% 700
\BOOKMARK [2][-]{section*.693}{\376\377\000\040\000Q\000u\000e\000m\000a\000d\000m\000o\000d\000u\000m\000\040\000e\000n\000i\000m\000\040\000i\000n\000\040\000u\000n\000o\000\040\000c\000o\000r\000p\000o\000r\000e\000\040\000m\000e\000m\000b\000r\000a\000.\000\040}{section.8}% 701
\BOOKMARK [2][-]{section*.694}{\376\377\000S\000i\000n\000g\000u\000l\000a\000t\000i\000m\000\040\000a\000u\000t\000e\000m\000.\000\040}{section.8}% 702
\BOOKMARK [2][-]{section*.695}{\376\377\000S\000e\000d\000\040\000t\000a\000m\000e\000n\000\040\000d\000o\000n\000a\000\040\000h\000a\000b\000e\000n\000t\000e\000s\000.\000\040}{section.8}% 703
\BOOKMARK [2][-]{section*.696}{\376\377\000S\000i\000u\000e\000\040\000p\000r\000o\000p\000h\000e\000t\000i\000a\000m\000.\000\040}{section.8}% 704
\BOOKMARK [2][-]{section*.697}{\376\377\000S\000i\000u\000e\000\040\000m\000i\000n\000i\000s\000t\000e\000r\000i\000u\000m\000\040\000i\000n\000\040\000a\000d\000m\000i\000n\000i\000s\000t\000r\000a\000n\000d\000o\000.\000\040}{section.8}% 705
\BOOKMARK [2][-]{section*.698}{\376\377\000S\000i\000u\000e\000\040\000q\000u\000i\000\040\000d\000o\000c\000e\000t\000\040\000i\000n\000\040\000d\000o\000c\000t\000r\000i\000n\000a\000.\000\040}{section.8}% 706
\BOOKMARK [2][-]{section*.699}{\376\377\000Q\000u\000i\000\040\000i\000m\000p\000e\000r\000t\000i\000t\000,\000\040\000i\000n\000\040\000s\000i\000m\000p\000l\000i\000c\000i\000t\000a\000t\000e\000.\000\040}{section.8}% 707
\BOOKMARK [2][-]{section*.700}{\376\377\000Q\000u\000i\000\040\000p\000r\000a\000e\000e\000s\000t\000,\000\040\000i\000n\000\040\000d\000i\000l\000i\000g\000e\000n\000t\000i\000a\000.\000\040}{section.8}% 708
\BOOKMARK [2][-]{section*.701}{\376\377\000Q\000u\000i\000\040\000m\000i\000s\000e\000r\000e\000t\000u\000r\000,\000\040\000i\000n\000\040\000h\000i\000l\000a\000r\000i\000t\000a\000t\000e\000.\000\040}{section.8}% 709
\BOOKMARK [2][-]{section*.702}{\376\377\000D\000i\000l\000e\000c\000t\000i\000o\000\040\000s\000i\000t\000\040\000n\000o\000n\000\040\000s\000i\000m\000u\000l\000a\000t\000a\000.\000\040}{section.8}% 710
\BOOKMARK [2][-]{section*.703}{\376\377\000S\000i\000t\000i\000s\000\040\000o\000d\000i\000o\000\040\000p\000e\000r\000s\000e\000q\000u\000e\000n\000t\000e\000s\000\040\000q\000u\000o\000d\000\040\000m\000a\000l\000u\000m\000\040\000e\000s\000t\000.\000\040}{section.8}% 711
\BOOKMARK [2][-]{section*.704}{\376\377\000A\000d\000h\000a\000e\000r\000e\000n\000t\000e\000s\000\040\000e\000i\000\040\000q\000u\000o\000d\000\040\000b\000o\000n\000u\000m\000\040\000e\000s\000t\000.\000\040}{section.8}% 712
\BOOKMARK [2][-]{section*.705}{\376\377\000P\000e\000r\000\040\000f\000r\000a\000t\000e\000r\000n\000a\000m\000\040\000c\000h\000a\000r\000i\000t\000a\000t\000e\000m\000\040\000a\000d\000\040\000m\000u\000t\000u\000o\000\040\000u\000o\000s\000\040\000d\000i\000l\000i\000g\000e\000n\000d\000o\000s\000\040\000p\000r\000o\000p\000e\000n\000s\000i\000.\000\040}{section.8}% 713
\BOOKMARK [2][-]{section*.706}{\376\377\000F\000o\000n\000o\000r\000e\000\040\000a\000l\000i\000u\000s\000\040\000a\000l\000i\000u\000m\000\040\000p\000r\000a\000e\000c\000e\000d\000e\000n\000t\000e\000s\000.\000\040}{section.8}% 714
\BOOKMARK [2][-]{section*.707}{\376\377\000S\000t\000u\000d\000i\000o\000\040\000n\000o\000n\000\040\000p\000i\000g\000r\000i\000.\000\040}{section.8}% 715
\BOOKMARK [2][-]{section*.708}{\376\377\000S\000p\000i\000r\000i\000t\000u\000\040\000f\000e\000r\000u\000e\000n\000t\000e\000s\000.\000\040}{section.8}% 716
\BOOKMARK [2][-]{section*.709}{\376\377\000T\000e\000m\000p\000o\000r\000i\000\040\000s\000e\000r\000u\000i\000e\000n\000t\000e\000s\000.\000\040}{section.8}% 717
\BOOKMARK [2][-]{section*.710}{\376\377\000S\000p\000e\000\040\000g\000a\000u\000d\000e\000n\000t\000e\000s\000.\000\040}{section.8}% 718
\BOOKMARK [2][-]{section*.711}{\376\377\000P\000r\000e\000c\000a\000t\000i\000o\000n\000i\000\040\000i\000n\000s\000t\000a\000n\000t\000e\000s\000.\000\040}{section.8}% 719
\BOOKMARK [2][-]{section*.712}{\376\377\000N\000e\000c\000e\000s\000s\000i\000t\000a\000t\000i\000b\000u\000s\000\040\000s\000a\000n\000c\000t\000o\000r\000u\000m\000\040\000c\000o\000m\000m\000u\000n\000i\000.\000\040}{section.8}% 720
\BOOKMARK [2][-]{section*.713}{\376\377\000H\000o\000s\000p\000i\000t\000a\000l\000i\000t\000a\000t\000e\000m\000\040\000s\000e\000c\000t\000a\000n\000t\000e\000s\000.\000\040}{section.8}% 721
\BOOKMARK [2][-]{section*.714}{\376\377\000B\000e\000n\000e\000\040\000l\000o\000q\000u\000a\000m\000i\000n\000i\000\040\000d\000e\000\040\000i\000i\000s\000,\000\040\000q\000u\000i\000\040\000u\000o\000s\000\040\000e\000t\000c\000.\000\040}{section.8}% 722
\BOOKMARK [2][-]{section*.715}{\376\377\000G\000a\000u\000d\000e\000t\000e\000\040\000c\000u\000m\000\040\000g\000a\000u\000d\000e\000n\000t\000i\000b\000u\000s\000.\000\040}{section.8}% 723
\BOOKMARK [2][-]{section*.716}{\376\377\000F\000l\000e\000t\000e\000\040\000c\000u\000m\000f\000l\000e\000n\000t\000i\000b\000u\000s\000.\000\040}{section.8}% 724
\BOOKMARK [2][-]{section*.717}{\376\377\000E\000o\000d\000e\000m\000\040\000a\000n\000i\000m\000o\000\040\000a\000l\000i\000i\000\040\000i\000n\000\040\000a\000l\000i\000o\000s\000\040\000a\000d\000f\000e\000c\000t\000i\000.\000\040}{section.8}% 725
\BOOKMARK [2][-]{section*.718}{\376\377\000N\000o\000n\000\040\000a\000r\000r\000o\000g\000a\000n\000t\000e\000r\000\040\000d\000e\000\040\000u\000o\000b\000i\000s\000\040\000s\000e\000n\000t\000i\000e\000n\000t\000e\000s\000.\000\040}{section.8}% 726
\BOOKMARK [2][-]{section*.719}{\376\377\000H\000u\000m\000i\000l\000i\000b\000u\000s\000\040\000u\000o\000s\000\040\000a\000c\000c\000o\000m\000m\000o\000d\000a\000n\000t\000e\000s\000.\000\040}{section.8}% 727
\BOOKMARK [2][-]{section*.720}{\376\377\000N\000e\000\040\000s\000i\000t\000i\000s\000\040\000a\000r\000r\000o\000g\000a\000n\000t\000e\000s\000\040\000a\000p\000u\000d\000\040\000u\000o\000s\000m\000e\000t\000.\000\040}{section.8}% 728
\BOOKMARK [2][-]{section*.721}{\376\377\000N\000e\000q\000u\000e\000\040\000c\000u\000i\000q\000u\000a\000m\000\040\000m\000a\000l\000u\000m\000\040\000e\000t\000c\000.\000\040}{section.8}% 729
\BOOKMARK [2][-]{section*.722}{\376\377\000I\000n\000\040\000c\000o\000n\000s\000p\000e\000c\000t\000u\000\040\000o\000m\000n\000i\000u\000m\000\040\000h\000o\000m\000i\000n\000u\000m\000.\000\040}{section.8}% 730
\BOOKMARK [2][-]{section*.723}{\376\377\000S\000i\000\040\000f\000i\000e\000r\000i\000\040\000p\000o\000t\000e\000s\000t\000,\000\040\000q\000u\000a\000n\000t\000u\000m\000\040\000i\000n\000\040\000u\000o\000b\000i\000s\000\040\000e\000s\000t\000.\000\040}{section.8}% 731
\BOOKMARK [2][-]{section*.724}{\376\377\000Q\000u\000i\000n\000\040\000p\000o\000t\000i\000u\000s\000\040\000d\000a\000t\000e\000\040\000l\000o\000c\000u\000m\000i\000r\000a\000e\000.\000\040}{section.8}% 732
\BOOKMARK [2][-]{section*.725}{\376\377\000M\000i\000h\000i\000\040\000u\000l\000t\000i\000o\000\040\000e\000g\000o\000\040\000r\000e\000p\000e\000n\000d\000a\000m\000.\000\040}{section.8}% 733
\BOOKMARK [2][-]{section*.726}{\376\377\000S\000i\000\040\000i\000g\000i\000t\000u\000r\000\040\000e\000s\000u\000r\000i\000t\000\040\000i\000n\000i\000m\000i\000c\000u\000s\000\040\000t\000u\000u\000s\000.\000\040}{section.8}% 734
\BOOKMARK [2][-]{section*.727}{\376\377\000H\000o\000c\000\040\000e\000n\000i\000m\000\040\000s\000i\000\040\000f\000e\000c\000e\000r\000i\000s\000,\000\040\000c\000a\000r\000b\000o\000n\000e\000s\000\040\000i\000g\000n\000i\000s\000.\000\040}{section.8}% 735
\BOOKMARK [2][-]{section*.728}{\376\377\000N\000e\000\040\000u\000i\000n\000c\000a\000r\000i\000s\000\040\000a\000\040\000m\000a\000l\000o\000.\000\040}{section.8}% 736
\BOOKMARK [2][-]{section*.729}{\376\377\000I\000m\000o\000\040\000u\000i\000n\000c\000e\000\040\000b\000o\000n\000o\000\040\000m\000a\000l\000u\000m\000.\000\040}{section.8}% 737
\BOOKMARK [2][-]{section*.730}{\376\377\000O\000m\000n\000i\000s\000\040\000a\000n\000i\000m\000a\000\040\000p\000o\000t\000e\000s\000t\000a\000t\000i\000b\000u\000s\000.\000\040}{section.8}% 738
\BOOKMARK [2][-]{section*.731}{\376\377\000N\000o\000n\000\040\000e\000n\000i\000m\000\040\000e\000s\000t\000\040\000p\000o\000t\000e\000s\000t\000a\000s\000,\000\040\000n\000i\000s\000i\000\040\000a\000\040\000D\000e\000o\000.\000\040}{section.8}% 739
\BOOKMARK [2][-]{section*.732}{\376\377\000Q\000u\000a\000e\000\040\000u\000e\000r\000o\000\040\000s\000u\000n\000t\000\040\000p\000o\000t\000e\000s\000t\000a\000t\000e\000s\000?\000\040}{section.8}% 740
\BOOKMARK [2][-]{section*.733}{\376\377\000I\000t\000a\000q\000u\000e\000\040\000q\000u\000i\000s\000q\000u\000i\000s\000\040\000r\000e\000s\000i\000s\000t\000i\000t\000\040\000p\000o\000t\000e\000s\000t\000a\000t\000i\000,\000\040\000D\000e\000i\000\040\000o\000r\000d\000i\000n\000a\000t\000i\000o\000n\000i\000\040\000r\000e\000s\000i\000s\000t\000i\000t\000.\000\040}{section.8}% 741
\BOOKMARK [2][-]{section*.734}{\376\377\000N\000a\000m\000\040\000p\000r\000i\000n\000c\000i\000p\000e\000s\000\040\000n\000o\000n\000\040\000t\000e\000r\000r\000o\000r\000i\000\040\000s\000u\000n\000t\000.\000\040}{section.8}% 742
\BOOKMARK [2][-]{section*.735}{\376\377\000V\000i\000s\000\040\000a\000u\000t\000\040\000n\000o\000n\000\040\000t\000i\000m\000e\000r\000e\000\040\000p\000o\000t\000e\000s\000t\000a\000t\000e\000m\000.\000\040\000S\000c\000i\000l\000i\000c\000e\000t\000,\000\040\000q\000u\000a\000e\000\040\000p\000o\000r\000t\000a\000t\000\040\000g\000l\000a\000d\000i\000u\000m\000,\000\040}{section.8}% 743
\BOOKMARK [2][-]{section*.736}{\376\377\000Q\000u\000o\000d\000\040\000b\000o\000n\000u\000m\000\040\000e\000s\000t\000\040\000f\000a\000c\000i\000t\000o\000.\000\040}{section.8}% 744
\BOOKMARK [2][-]{section*.737}{\376\377\000D\000e\000i\000\040\000e\000n\000i\000m\000\040\000m\000i\000n\000i\000s\000t\000e\000r\000\040\000e\000s\000t\000\040\000i\000n\000\040\000b\000o\000n\000u\000m\000\040}{section.8}% 745
\BOOKMARK [2][-]{section*.738}{\376\377\000V\000l\000t\000o\000r\000\040\000a\000d\000\040\000i\000r\000a\000m\000.\000\040}{section.8}% 746
